method,dataset,known_cls_ratio,labeled_ratio,cluster_num_factor,seed,ACC,H-Score,K-ACC,N-ACC,ARI,NMI,args
ALUP,banking,0.25,0.1,1.0,2025,63.47,66.25,73.82,60.09,53.3,79.79,"{""config"": ""configs/gcd/alup.yaml"", ""dataset"": ""banking"", ""known_cls_ratio"": 0.25, ""labeled_ratio"": 0.1, ""seed"": 2025, ""fold_num"": 5, ""fold_idx"": 0, ""fold_type"": ""fold"", ""gpu_id"": 2, ""max_seq_length"": 55, ""method"": ""ALUP"", ""data_dir"": ""./data"", ""bert_model"": ""./pretrained_models/bert-base-uncased"", ""output_base_dir"": ""./outputs/gcd/alup"", ""output_subdir"": ""finetune/banking_0.25_0.1_fold_5_0_2025"", ""pretrained_stage1_subdir"": ""pretrain/banking_0.25_0.1_fold_5_0_2025"", ""do_pretrain_and_contrastive"": false, ""do_al_finetune"": true, ""finish_pretrain"": false, ""save_results"": true, ""num_train_epochs"": 50, ""num_pretrain_epochs"": 100, ""pretrain_batch_size"": 16, ""train_batch_size"": 32, ""eval_batch_size"": 64, ""lr"": 1e-05, ""lr_pre"": 5e-05, ""warmup_proportion"": 0.1, ""wait_patient"": 20, ""early_stopping_patience"": 5, ""early_stopping_min_delta"": 0.001, ""monitor_sum_metrics"": true, ""cluster_num_factor"": 1.0, ""embed_feat_dim"": 768, ""head_feat_dim"": 128, ""topk"": 50, ""rtr_prob"": 0.25, ""update_per_epoch"": 5, ""llm_model_name"": ""deepseek-v3:671b-gw"", ""api_base"": ""https://uni-api.cstcloud.cn/v1"", ""comparison_cluster_ratio"": 0.5, ""student_t_freedom"": 1, ""uncertainty_neighbour_num"": 25, ""rho"": 0.1, ""save_results_path"": ""./results/gcd/alup"", ""log_dir"": ""./outputs/gcd/alup/finetune/banking_0.25_0.1_fold_5_0_2025/logs"", ""logger_name"": ""Discovery"", ""output_dir"": ""./outputs/gcd/alup/finetune/banking_0.25_0.1_fold_5_0_2025"", ""result_dir"": ""./outputs/gcd/alup/finetune/banking_0.25_0.1_fold_5_0_2025"", ""results_file_name"": ""results.csv"", ""model_file_name"": ""model"", ""num_labels"": 77}"
ALUP,clinc,0.25,0.1,1.0,2025,81.56,83.62,88.6,79.17,75.39,92.87,"{""config"": ""configs/gcd/alup.yaml"", ""dataset"": ""clinc"", ""known_cls_ratio"": 0.25, ""labeled_ratio"": 0.1, ""seed"": 2025, ""fold_num"": 5, ""fold_idx"": 0, ""fold_type"": ""fold"", ""gpu_id"": 3, ""max_seq_length"": 30, ""method"": ""ALUP"", ""data_dir"": ""./data"", ""bert_model"": ""./pretrained_models/bert-base-uncased"", ""output_base_dir"": ""./outputs/gcd/alup"", ""output_subdir"": ""finetune/clinc_0.25_0.1_fold_5_0_2025"", ""pretrained_stage1_subdir"": ""pretrain/clinc_0.25_0.1_fold_5_0_2025"", ""do_pretrain_and_contrastive"": false, ""do_al_finetune"": true, ""finish_pretrain"": false, ""save_results"": true, ""num_train_epochs"": 50, ""num_pretrain_epochs"": 100, ""pretrain_batch_size"": 16, ""train_batch_size"": 32, ""eval_batch_size"": 64, ""lr"": 1e-05, ""lr_pre"": 5e-05, ""warmup_proportion"": 0.1, ""wait_patient"": 20, ""early_stopping_patience"": 5, ""early_stopping_min_delta"": 0.001, ""monitor_sum_metrics"": true, ""cluster_num_factor"": 1.0, ""embed_feat_dim"": 768, ""head_feat_dim"": 128, ""topk"": 50, ""rtr_prob"": 0.25, ""update_per_epoch"": 5, ""llm_model_name"": ""deepseek-v3:671b-gw"", ""api_base"": ""https://uni-api.cstcloud.cn/v1"", ""comparison_cluster_ratio"": 0.5, ""student_t_freedom"": 1, ""uncertainty_neighbour_num"": 25, ""rho"": 0.1, ""save_results_path"": ""./results/gcd/alup"", ""log_dir"": ""./outputs/gcd/alup/finetune/clinc_0.25_0.1_fold_5_0_2025/logs"", ""logger_name"": ""Discovery"", ""output_dir"": ""./outputs/gcd/alup/finetune/clinc_0.25_0.1_fold_5_0_2025"", ""result_dir"": ""./outputs/gcd/alup/finetune/clinc_0.25_0.1_fold_5_0_2025"", ""results_file_name"": ""results.csv"", ""model_file_name"": ""model"", ""num_labels"": 150}"
ALUP,stackoverflow,0.25,0.1,1.0,2025,75.1,77.22,82.4,72.66,58.86,71.73,"{""config"": ""configs/gcd/alup.yaml"", ""dataset"": ""stackoverflow"", ""known_cls_ratio"": 0.25, ""labeled_ratio"": 0.1, ""seed"": 2025, ""fold_num"": 5, ""fold_idx"": 0, ""fold_type"": ""fold"", ""gpu_id"": 2, ""max_seq_length"": 45, ""method"": ""ALUP"", ""data_dir"": ""./data"", ""bert_model"": ""./pretrained_models/bert-base-uncased"", ""output_base_dir"": ""./outputs/gcd/alup"", ""output_subdir"": ""finetune/stackoverflow_0.25_0.1_fold_5_0_2025"", ""pretrained_stage1_subdir"": ""pretrain/stackoverflow_0.25_0.1_fold_5_0_2025"", ""do_pretrain_and_contrastive"": false, ""do_al_finetune"": true, ""finish_pretrain"": false, ""save_results"": true, ""num_train_epochs"": 50, ""num_pretrain_epochs"": 100, ""pretrain_batch_size"": 16, ""train_batch_size"": 32, ""eval_batch_size"": 64, ""lr"": 1e-05, ""lr_pre"": 5e-05, ""warmup_proportion"": 0.1, ""wait_patient"": 20, ""early_stopping_patience"": 5, ""early_stopping_min_delta"": 0.001, ""monitor_sum_metrics"": true, ""cluster_num_factor"": 1.0, ""embed_feat_dim"": 768, ""head_feat_dim"": 128, ""topk"": 50, ""rtr_prob"": 0.25, ""update_per_epoch"": 5, ""llm_model_name"": ""deepseek-v3:671b-gw"", ""api_base"": ""https://uni-api.cstcloud.cn/v1"", ""comparison_cluster_ratio"": 0.5, ""student_t_freedom"": 1, ""uncertainty_neighbour_num"": 25, ""rho"": 0.1, ""save_results_path"": ""./results/gcd/alup"", ""log_dir"": ""./outputs/gcd/alup/finetune/stackoverflow_0.25_0.1_fold_5_0_2025/logs"", ""logger_name"": ""Discovery"", ""output_dir"": ""./outputs/gcd/alup/finetune/stackoverflow_0.25_0.1_fold_5_0_2025"", ""result_dir"": ""./outputs/gcd/alup/finetune/stackoverflow_0.25_0.1_fold_5_0_2025"", ""results_file_name"": ""results.csv"", ""model_file_name"": ""model"", ""num_labels"": 20}"
ALUP,hwu,0.25,0.1,1.0,2025,67.15,69.56,75.69,64.35,55.79,81.59,"{""config"": ""configs/gcd/alup.yaml"", ""dataset"": ""hwu"", ""known_cls_ratio"": 0.25, ""labeled_ratio"": 0.1, ""seed"": 2025, ""fold_num"": 5, ""fold_idx"": 0, ""fold_type"": ""fold"", ""gpu_id"": 3, ""max_seq_length"": 55, ""method"": ""ALUP"", ""data_dir"": ""./data"", ""bert_model"": ""./pretrained_models/bert-base-uncased"", ""output_base_dir"": ""./outputs/gcd/alup"", ""output_subdir"": ""finetune/hwu_0.25_0.1_fold_5_0_2025"", ""pretrained_stage1_subdir"": ""pretrain/hwu_0.25_0.1_fold_5_0_2025"", ""do_pretrain_and_contrastive"": false, ""do_al_finetune"": true, ""finish_pretrain"": false, ""save_results"": true, ""num_train_epochs"": 50, ""num_pretrain_epochs"": 100, ""pretrain_batch_size"": 16, ""train_batch_size"": 32, ""eval_batch_size"": 64, ""lr"": 1e-05, ""lr_pre"": 5e-05, ""warmup_proportion"": 0.1, ""wait_patient"": 20, ""early_stopping_patience"": 5, ""early_stopping_min_delta"": 0.001, ""monitor_sum_metrics"": true, ""cluster_num_factor"": 1.0, ""embed_feat_dim"": 768, ""head_feat_dim"": 128, ""topk"": 50, ""rtr_prob"": 0.25, ""update_per_epoch"": 5, ""llm_model_name"": ""deepseek-v3:671b-gw"", ""api_base"": ""https://uni-api.cstcloud.cn/v1"", ""comparison_cluster_ratio"": 0.5, ""student_t_freedom"": 1, ""uncertainty_neighbour_num"": 25, ""rho"": 0.1, ""save_results_path"": ""./results/gcd/alup"", ""log_dir"": ""./outputs/gcd/alup/finetune/hwu_0.25_0.1_fold_5_0_2025/logs"", ""logger_name"": ""Discovery"", ""output_dir"": ""./outputs/gcd/alup/finetune/hwu_0.25_0.1_fold_5_0_2025"", ""result_dir"": ""./outputs/gcd/alup/finetune/hwu_0.25_0.1_fold_5_0_2025"", ""results_file_name"": ""results.csv"", ""model_file_name"": ""model"", ""num_labels"": 64}"
ALUP,mcid,0.25,0.1,1.0,2025,51.96,55.83,80.25,42.8,34.32,57.73,"{""config"": ""configs/gcd/alup.yaml"", ""dataset"": ""mcid"", ""known_cls_ratio"": 0.25, ""labeled_ratio"": 0.1, ""seed"": 2025, ""fold_num"": 5, ""fold_idx"": 0, ""fold_type"": ""fold"", ""gpu_id"": 2, ""max_seq_length"": 55, ""method"": ""ALUP"", ""data_dir"": ""./data"", ""bert_model"": ""./pretrained_models/bert-base-uncased"", ""output_base_dir"": ""./outputs/gcd/alup"", ""output_subdir"": ""finetune/mcid_0.25_0.1_fold_5_0_2025"", ""pretrained_stage1_subdir"": ""pretrain/mcid_0.25_0.1_fold_5_0_2025"", ""do_pretrain_and_contrastive"": false, ""do_al_finetune"": true, ""finish_pretrain"": false, ""save_results"": true, ""num_train_epochs"": 50, ""num_pretrain_epochs"": 100, ""pretrain_batch_size"": 16, ""train_batch_size"": 32, ""eval_batch_size"": 64, ""lr"": 1e-05, ""lr_pre"": 5e-05, ""warmup_proportion"": 0.1, ""wait_patient"": 20, ""early_stopping_patience"": 5, ""early_stopping_min_delta"": 0.001, ""monitor_sum_metrics"": true, ""cluster_num_factor"": 1.0, ""embed_feat_dim"": 768, ""head_feat_dim"": 128, ""topk"": 50, ""rtr_prob"": 0.25, ""update_per_epoch"": 5, ""llm_model_name"": ""deepseek-v3:671b-gw"", ""api_base"": ""https://uni-api.cstcloud.cn/v1"", ""comparison_cluster_ratio"": 0.5, ""student_t_freedom"": 1, ""uncertainty_neighbour_num"": 25, ""rho"": 0.1, ""save_results_path"": ""./results/gcd/alup"", ""log_dir"": ""./outputs/gcd/alup/finetune/mcid_0.25_0.1_fold_5_0_2025/logs"", ""logger_name"": ""Discovery"", ""output_dir"": ""./outputs/gcd/alup/finetune/mcid_0.25_0.1_fold_5_0_2025"", ""result_dir"": ""./outputs/gcd/alup/finetune/mcid_0.25_0.1_fold_5_0_2025"", ""results_file_name"": ""results.csv"", ""model_file_name"": ""model"", ""num_labels"": 16}"
ALUP,20NG,0.25,0.1,1.0,2025,84.53,88.66,100.0,79.63,82.2,90.59,"{""config"": ""configs/gcd/alup.yaml"", ""dataset"": ""20NG"", ""known_cls_ratio"": 0.25, ""labeled_ratio"": 0.1, ""seed"": 2025, ""fold_num"": 5, ""fold_idx"": 0, ""fold_type"": ""fold"", ""gpu_id"": 3, ""max_seq_length"": 512, ""method"": ""ALUP"", ""data_dir"": ""./data"", ""bert_model"": ""./pretrained_models/bert-base-uncased"", ""output_base_dir"": ""./outputs/gcd/alup"", ""output_subdir"": ""finetune/20NG_0.25_0.1_fold_5_0_2025"", ""pretrained_stage1_subdir"": ""pretrain/20NG_0.25_0.1_fold_5_0_2025"", ""do_pretrain_and_contrastive"": false, ""do_al_finetune"": true, ""finish_pretrain"": false, ""save_results"": true, ""num_train_epochs"": 50, ""num_pretrain_epochs"": 100, ""pretrain_batch_size"": 16, ""train_batch_size"": 16, ""eval_batch_size"": 32, ""lr"": 1e-05, ""lr_pre"": 5e-05, ""warmup_proportion"": 0.1, ""wait_patient"": 20, ""early_stopping_patience"": 5, ""early_stopping_min_delta"": 0.001, ""monitor_sum_metrics"": true, ""cluster_num_factor"": 1.0, ""embed_feat_dim"": 768, ""head_feat_dim"": 128, ""topk"": 50, ""rtr_prob"": 0.25, ""update_per_epoch"": 5, ""llm_model_name"": ""deepseek-v3:671b-gw"", ""api_base"": ""https://uni-api.cstcloud.cn/v1"", ""comparison_cluster_ratio"": 0.5, ""student_t_freedom"": 1, ""uncertainty_neighbour_num"": 25, ""rho"": 0.1, ""save_results_path"": ""./results/gcd/alup"", ""log_dir"": ""./outputs/gcd/alup/finetune/20NG_0.25_0.1_fold_5_0_2025/logs"", ""logger_name"": ""Discovery"", ""output_dir"": ""./outputs/gcd/alup/finetune/20NG_0.25_0.1_fold_5_0_2025"", ""result_dir"": ""./outputs/gcd/alup/finetune/20NG_0.25_0.1_fold_5_0_2025"", ""results_file_name"": ""results.csv"", ""model_file_name"": ""model"", ""num_labels"": 20}"
ALUP,TREC,0.25,0.1,1.0,2025,49.39,47.49,52.37,43.44,43.96,70.84,"{""config"": ""configs/gcd/alup.yaml"", ""dataset"": ""TREC"", ""known_cls_ratio"": 0.25, ""labeled_ratio"": 0.1, ""seed"": 2025, ""fold_num"": 5, ""fold_idx"": 0, ""fold_type"": ""fold"", ""gpu_id"": 3, ""max_seq_length"": 256, ""method"": ""ALUP"", ""data_dir"": ""./data"", ""bert_model"": ""./pretrained_models/bert-base-uncased"", ""output_base_dir"": ""./outputs/gcd/alup"", ""output_subdir"": ""finetune/TREC_0.25_0.1_fold_5_0_2025"", ""pretrained_stage1_subdir"": ""pretrain/TREC_0.25_0.1_fold_5_0_2025"", ""do_pretrain_and_contrastive"": false, ""do_al_finetune"": true, ""finish_pretrain"": false, ""save_results"": true, ""num_train_epochs"": 50, ""num_pretrain_epochs"": 100, ""pretrain_batch_size"": 16, ""train_batch_size"": 16, ""eval_batch_size"": 32, ""lr"": 1e-05, ""lr_pre"": 5e-05, ""warmup_proportion"": 0.1, ""wait_patient"": 20, ""early_stopping_patience"": 5, ""early_stopping_min_delta"": 0.001, ""monitor_sum_metrics"": true, ""cluster_num_factor"": 1.0, ""embed_feat_dim"": 768, ""head_feat_dim"": 128, ""topk"": 50, ""rtr_prob"": 0.25, ""update_per_epoch"": 5, ""llm_model_name"": ""deepseek-v3:671b-gw"", ""api_base"": ""https://uni-api.cstcloud.cn/v1"", ""comparison_cluster_ratio"": 0.5, ""student_t_freedom"": 1, ""uncertainty_neighbour_num"": 25, ""rho"": 0.1, ""save_results_path"": ""./results/gcd/alup"", ""log_dir"": ""./outputs/gcd/alup/finetune/TREC_0.25_0.1_fold_5_0_2025/logs"", ""logger_name"": ""Discovery"", ""output_dir"": ""./outputs/gcd/alup/finetune/TREC_0.25_0.1_fold_5_0_2025"", ""result_dir"": ""./outputs/gcd/alup/finetune/TREC_0.25_0.1_fold_5_0_2025"", ""results_file_name"": ""results.csv"", ""model_file_name"": ""model"", ""num_labels"": 47}"
ALUP,DBPedia,0.25,0.1,1.0,2025,76.05,77.36,83.11,72.35,72.66,92.16,"{""config"": ""configs/gcd/alup.yaml"", ""dataset"": ""DBPedia"", ""known_cls_ratio"": 0.25, ""labeled_ratio"": 0.1, ""seed"": 2025, ""fold_num"": 5, ""fold_idx"": 0, ""fold_type"": ""fold"", ""gpu_id"": 2, ""max_seq_length"": 256, ""method"": ""ALUP"", ""data_dir"": ""./data"", ""bert_model"": ""./pretrained_models/bert-base-uncased"", ""output_base_dir"": ""./outputs/gcd/alup"", ""output_subdir"": ""finetune/DBPedia_0.25_0.1_fold_5_0_2025"", ""pretrained_stage1_subdir"": ""pretrain/DBPedia_0.25_0.1_fold_5_0_2025"", ""do_pretrain_and_contrastive"": false, ""do_al_finetune"": true, ""finish_pretrain"": false, ""save_results"": true, ""num_train_epochs"": 50, ""num_pretrain_epochs"": 100, ""pretrain_batch_size"": 16, ""train_batch_size"": 16, ""eval_batch_size"": 32, ""lr"": 1e-05, ""lr_pre"": 5e-05, ""warmup_proportion"": 0.1, ""wait_patient"": 20, ""early_stopping_patience"": 5, ""early_stopping_min_delta"": 0.001, ""monitor_sum_metrics"": true, ""cluster_num_factor"": 1.0, ""embed_feat_dim"": 768, ""head_feat_dim"": 128, ""topk"": 50, ""rtr_prob"": 0.25, ""update_per_epoch"": 5, ""llm_model_name"": ""deepseek-v3:671b-gw"", ""api_base"": ""https://uni-api.cstcloud.cn/v1"", ""comparison_cluster_ratio"": 0.5, ""student_t_freedom"": 1, ""uncertainty_neighbour_num"": 25, ""rho"": 0.1, ""save_results_path"": ""./results/gcd/alup"", ""log_dir"": ""./outputs/gcd/alup/finetune/DBPedia_0.25_0.1_fold_5_0_2025/logs"", ""logger_name"": ""Discovery"", ""output_dir"": ""./outputs/gcd/alup/finetune/DBPedia_0.25_0.1_fold_5_0_2025"", ""result_dir"": ""./outputs/gcd/alup/finetune/DBPedia_0.25_0.1_fold_5_0_2025"", ""results_file_name"": ""results.csv"", ""model_file_name"": ""model"", ""num_labels"": 219}"
ALUP,Yahoo,0.25,0.1,1.0,2025,55.35,59.96,72.75,51.0,32.99,41.74,"{""config"": ""configs/gcd/alup.yaml"", ""dataset"": ""Yahoo"", ""known_cls_ratio"": 0.25, ""labeled_ratio"": 0.1, ""seed"": 2025, ""fold_num"": 5, ""fold_idx"": 0, ""fold_type"": ""fold"", ""gpu_id"": 3, ""max_seq_length"": 128, ""method"": ""ALUP"", ""data_dir"": ""./data"", ""bert_model"": ""./pretrained_models/bert-base-uncased"", ""output_base_dir"": ""./outputs/gcd/alup"", ""output_subdir"": ""finetune/Yahoo_0.25_0.1_fold_5_0_2025"", ""pretrained_stage1_subdir"": ""pretrain/Yahoo_0.25_0.1_fold_5_0_2025"", ""do_pretrain_and_contrastive"": false, ""do_al_finetune"": true, ""finish_pretrain"": false, ""save_results"": true, ""num_train_epochs"": 50, ""num_pretrain_epochs"": 100, ""pretrain_batch_size"": 16, ""train_batch_size"": 32, ""eval_batch_size"": 64, ""lr"": 1e-05, ""lr_pre"": 5e-05, ""warmup_proportion"": 0.1, ""wait_patient"": 20, ""early_stopping_patience"": 5, ""early_stopping_min_delta"": 0.001, ""monitor_sum_metrics"": true, ""cluster_num_factor"": 1.0, ""embed_feat_dim"": 768, ""head_feat_dim"": 128, ""topk"": 50, ""rtr_prob"": 0.25, ""update_per_epoch"": 5, ""llm_model_name"": ""deepseek-v3:671b-gw"", ""api_base"": ""https://uni-api.cstcloud.cn/v1"", ""comparison_cluster_ratio"": 0.5, ""student_t_freedom"": 1, ""uncertainty_neighbour_num"": 25, ""rho"": 0.1, ""save_results_path"": ""./results/gcd/alup"", ""log_dir"": ""./outputs/gcd/alup/finetune/Yahoo_0.25_0.1_fold_5_0_2025/logs"", ""logger_name"": ""Discovery"", ""output_dir"": ""./outputs/gcd/alup/finetune/Yahoo_0.25_0.1_fold_5_0_2025"", ""result_dir"": ""./outputs/gcd/alup/finetune/Yahoo_0.25_0.1_fold_5_0_2025"", ""results_file_name"": ""results.csv"", ""model_file_name"": ""model"", ""num_labels"": 10}"
ALUP,ecdt,0.25,0.1,1.0,2025,72.3,71.69,82.45,63.41,69.99,81.02,"{""config"": ""configs/gcd/alup.yaml"", ""dataset"": ""ecdt"", ""known_cls_ratio"": 0.25, ""labeled_ratio"": 0.1, ""seed"": 2025, ""fold_num"": 5, ""fold_idx"": 0, ""fold_type"": ""fold"", ""gpu_id"": 3, ""max_seq_length"": 55, ""method"": ""ALUP"", ""data_dir"": ""./data"", ""bert_model"": ""./pretrained_models/bert-base-chinese"", ""output_base_dir"": ""./outputs/gcd/alup"", ""output_subdir"": ""finetune/ecdt_0.25_0.1_fold_5_0_2025"", ""pretrained_stage1_subdir"": ""pretrain/ecdt_0.25_0.1_fold_5_0_2025"", ""do_pretrain_and_contrastive"": false, ""do_al_finetune"": true, ""finish_pretrain"": false, ""save_results"": true, ""num_train_epochs"": 50, ""num_pretrain_epochs"": 100, ""pretrain_batch_size"": 16, ""train_batch_size"": 32, ""eval_batch_size"": 64, ""lr"": 1e-05, ""lr_pre"": 5e-05, ""warmup_proportion"": 0.1, ""wait_patient"": 20, ""early_stopping_patience"": 5, ""early_stopping_min_delta"": 0.001, ""monitor_sum_metrics"": true, ""cluster_num_factor"": 1.0, ""embed_feat_dim"": 768, ""head_feat_dim"": 128, ""topk"": 50, ""rtr_prob"": 0.25, ""update_per_epoch"": 5, ""llm_model_name"": ""deepseek-v3:671b-gw"", ""api_base"": ""https://uni-api.cstcloud.cn/v1"", ""comparison_cluster_ratio"": 0.5, ""student_t_freedom"": 1, ""uncertainty_neighbour_num"": 25, ""rho"": 0.1, ""save_results_path"": ""./results/gcd/alup"", ""log_dir"": ""./outputs/gcd/alup/finetune/ecdt_0.25_0.1_fold_5_0_2025/logs"", ""logger_name"": ""Discovery"", ""output_dir"": ""./outputs/gcd/alup/finetune/ecdt_0.25_0.1_fold_5_0_2025"", ""result_dir"": ""./outputs/gcd/alup/finetune/ecdt_0.25_0.1_fold_5_0_2025"", ""results_file_name"": ""results.csv"", ""model_file_name"": ""model"", ""num_labels"": 31}"
ALUP,X-Topic,0.25,0.1,1.0,2025,24.17,26.68,22.99,31.78,14.11,41.0,"{""config"": ""configs/gcd/alup.yaml"", ""dataset"": ""X-Topic"", ""known_cls_ratio"": 0.25, ""labeled_ratio"": 0.1, ""seed"": 2025, ""fold_num"": 5, ""fold_idx"": 0, ""fold_type"": ""fold"", ""gpu_id"": 3, ""max_seq_length"": 128, ""method"": ""ALUP"", ""data_dir"": ""./data"", ""bert_model"": ""./pretrained_models/bert-base-uncased"", ""output_base_dir"": ""./outputs/gcd/alup"", ""output_subdir"": ""finetune/X-Topic_0.25_0.1_fold_5_0_2025"", ""pretrained_stage1_subdir"": ""pretrain/X-Topic_0.25_0.1_fold_5_0_2025"", ""do_pretrain_and_contrastive"": false, ""do_al_finetune"": true, ""finish_pretrain"": false, ""save_results"": true, ""num_train_epochs"": 50, ""num_pretrain_epochs"": 100, ""pretrain_batch_size"": 16, ""train_batch_size"": 16, ""eval_batch_size"": 32, ""lr"": 1e-05, ""lr_pre"": 5e-05, ""warmup_proportion"": 0.1, ""wait_patient"": 20, ""early_stopping_patience"": 5, ""early_stopping_min_delta"": 0.001, ""monitor_sum_metrics"": true, ""cluster_num_factor"": 1.0, ""embed_feat_dim"": 768, ""head_feat_dim"": 128, ""topk"": 50, ""rtr_prob"": 0.25, ""update_per_epoch"": 5, ""llm_model_name"": ""deepseek-v3:671b-gw"", ""api_base"": ""https://uni-api.cstcloud.cn/v1"", ""comparison_cluster_ratio"": 0.5, ""student_t_freedom"": 1, ""uncertainty_neighbour_num"": 25, ""rho"": 0.1, ""save_results_path"": ""./results/gcd/alup"", ""log_dir"": ""./outputs/gcd/alup/finetune/X-Topic_0.25_0.1_fold_5_0_2025/logs"", ""logger_name"": ""Discovery"", ""output_dir"": ""./outputs/gcd/alup/finetune/X-Topic_0.25_0.1_fold_5_0_2025"", ""result_dir"": ""./outputs/gcd/alup/finetune/X-Topic_0.25_0.1_fold_5_0_2025"", ""results_file_name"": ""results.csv"", ""model_file_name"": ""model"", ""num_labels"": 49}"
ALUP,banking,0.5,0.1,1.0,2025,66.56,63.6,81.25,52.24,55.2,80.83,"{""config"": ""configs/gcd/alup.yaml"", ""dataset"": ""banking"", ""known_cls_ratio"": 0.5, ""labeled_ratio"": 0.1, ""seed"": 2025, ""fold_num"": 5, ""fold_idx"": 0, ""fold_type"": ""fold"", ""gpu_id"": 3, ""max_seq_length"": 55, ""method"": ""ALUP"", ""data_dir"": ""./data"", ""bert_model"": ""./pretrained_models/bert-base-uncased"", ""output_base_dir"": ""./outputs/gcd/alup"", ""output_subdir"": ""finetune/banking_0.5_0.1_fold_5_0_2025"", ""pretrained_stage1_subdir"": ""pretrain/banking_0.5_0.1_fold_5_0_2025"", ""do_pretrain_and_contrastive"": false, ""do_al_finetune"": true, ""finish_pretrain"": false, ""save_results"": true, ""num_train_epochs"": 50, ""num_pretrain_epochs"": 100, ""pretrain_batch_size"": 16, ""train_batch_size"": 32, ""eval_batch_size"": 64, ""lr"": 1e-05, ""lr_pre"": 5e-05, ""warmup_proportion"": 0.1, ""wait_patient"": 20, ""early_stopping_patience"": 5, ""early_stopping_min_delta"": 0.001, ""monitor_sum_metrics"": true, ""cluster_num_factor"": 1.0, ""embed_feat_dim"": 768, ""head_feat_dim"": 128, ""topk"": 50, ""rtr_prob"": 0.25, ""update_per_epoch"": 5, ""llm_model_name"": ""deepseek-v3:671b-gw"", ""api_base"": ""https://uni-api.cstcloud.cn/v1"", ""comparison_cluster_ratio"": 0.5, ""student_t_freedom"": 1, ""uncertainty_neighbour_num"": 25, ""rho"": 0.1, ""save_results_path"": ""./results/gcd/alup"", ""log_dir"": ""./outputs/gcd/alup/finetune/banking_0.5_0.1_fold_5_0_2025/logs"", ""logger_name"": ""Discovery"", ""output_dir"": ""./outputs/gcd/alup/finetune/banking_0.5_0.1_fold_5_0_2025"", ""result_dir"": ""./outputs/gcd/alup/finetune/banking_0.5_0.1_fold_5_0_2025"", ""results_file_name"": ""results.csv"", ""model_file_name"": ""model"", ""num_labels"": 77}"
ALUP,thucnews,0.25,0.1,1.0,2025,80.64,83.75,95.34,74.68,72.56,81.77,"{""config"": ""configs/gcd/alup.yaml"", ""dataset"": ""thucnews"", ""known_cls_ratio"": 0.25, ""labeled_ratio"": 0.1, ""seed"": 2025, ""fold_num"": 5, ""fold_idx"": 0, ""fold_type"": ""fold"", ""gpu_id"": 2, ""max_seq_length"": 500, ""method"": ""ALUP"", ""data_dir"": ""./data"", ""bert_model"": ""./pretrained_models/bert-base-chinese"", ""output_base_dir"": ""./outputs/gcd/alup"", ""output_subdir"": ""finetune/thucnews_0.25_0.1_fold_5_0_2025"", ""pretrained_stage1_subdir"": ""pretrain/thucnews_0.25_0.1_fold_5_0_2025"", ""do_pretrain_and_contrastive"": false, ""do_al_finetune"": true, ""finish_pretrain"": false, ""save_results"": true, ""num_train_epochs"": 50, ""num_pretrain_epochs"": 100, ""pretrain_batch_size"": 16, ""train_batch_size"": 16, ""eval_batch_size"": 32, ""lr"": 1e-05, ""lr_pre"": 5e-05, ""warmup_proportion"": 0.1, ""wait_patient"": 20, ""early_stopping_patience"": 5, ""early_stopping_min_delta"": 0.001, ""monitor_sum_metrics"": true, ""cluster_num_factor"": 1.0, ""embed_feat_dim"": 768, ""head_feat_dim"": 128, ""topk"": 50, ""rtr_prob"": 0.25, ""update_per_epoch"": 5, ""llm_model_name"": ""deepseek-v3:671b-gw"", ""api_base"": ""https://uni-api.cstcloud.cn/v1"", ""comparison_cluster_ratio"": 0.5, ""student_t_freedom"": 1, ""uncertainty_neighbour_num"": 25, ""rho"": 0.1, ""save_results_path"": ""./results/gcd/alup"", ""log_dir"": ""./outputs/gcd/alup/finetune/thucnews_0.25_0.1_fold_5_0_2025/logs"", ""logger_name"": ""Discovery"", ""output_dir"": ""./outputs/gcd/alup/finetune/thucnews_0.25_0.1_fold_5_0_2025"", ""result_dir"": ""./outputs/gcd/alup/finetune/thucnews_0.25_0.1_fold_5_0_2025"", ""results_file_name"": ""results.csv"", ""model_file_name"": ""model"", ""num_labels"": 14}"
ALUP,stackoverflow,0.5,0.1,1.0,2025,73.96,72.75,83.44,64.49,57.84,72.31,"{""config"": ""configs/gcd/alup.yaml"", ""dataset"": ""stackoverflow"", ""known_cls_ratio"": 0.5, ""labeled_ratio"": 0.1, ""seed"": 2025, ""fold_num"": 5, ""fold_idx"": 0, ""fold_type"": ""fold"", ""gpu_id"": 2, ""max_seq_length"": 45, ""method"": ""ALUP"", ""data_dir"": ""./data"", ""bert_model"": ""./pretrained_models/bert-base-uncased"", ""output_base_dir"": ""./outputs/gcd/alup"", ""output_subdir"": ""finetune/stackoverflow_0.5_0.1_fold_5_0_2025"", ""pretrained_stage1_subdir"": ""pretrain/stackoverflow_0.5_0.1_fold_5_0_2025"", ""do_pretrain_and_contrastive"": false, ""do_al_finetune"": true, ""finish_pretrain"": false, ""save_results"": true, ""num_train_epochs"": 50, ""num_pretrain_epochs"": 100, ""pretrain_batch_size"": 16, ""train_batch_size"": 32, ""eval_batch_size"": 64, ""lr"": 1e-05, ""lr_pre"": 5e-05, ""warmup_proportion"": 0.1, ""wait_patient"": 20, ""early_stopping_patience"": 5, ""early_stopping_min_delta"": 0.001, ""monitor_sum_metrics"": true, ""cluster_num_factor"": 1.0, ""embed_feat_dim"": 768, ""head_feat_dim"": 128, ""topk"": 50, ""rtr_prob"": 0.25, ""update_per_epoch"": 5, ""llm_model_name"": ""deepseek-v3:671b-gw"", ""api_base"": ""https://uni-api.cstcloud.cn/v1"", ""comparison_cluster_ratio"": 0.5, ""student_t_freedom"": 1, ""uncertainty_neighbour_num"": 25, ""rho"": 0.1, ""save_results_path"": ""./results/gcd/alup"", ""log_dir"": ""./outputs/gcd/alup/finetune/stackoverflow_0.5_0.1_fold_5_0_2025/logs"", ""logger_name"": ""Discovery"", ""output_dir"": ""./outputs/gcd/alup/finetune/stackoverflow_0.5_0.1_fold_5_0_2025"", ""result_dir"": ""./outputs/gcd/alup/finetune/stackoverflow_0.5_0.1_fold_5_0_2025"", ""results_file_name"": ""results.csv"", ""model_file_name"": ""model"", ""num_labels"": 20}"
ALUP,clinc,0.5,0.1,1.0,2025,87.42,87.0,93.51,81.33,81.28,94.39,"{""config"": ""configs/gcd/alup.yaml"", ""dataset"": ""clinc"", ""known_cls_ratio"": 0.5, ""labeled_ratio"": 0.1, ""seed"": 2025, ""fold_num"": 5, ""fold_idx"": 0, ""fold_type"": ""fold"", ""gpu_id"": 3, ""max_seq_length"": 30, ""method"": ""ALUP"", ""data_dir"": ""./data"", ""bert_model"": ""./pretrained_models/bert-base-uncased"", ""output_base_dir"": ""./outputs/gcd/alup"", ""output_subdir"": ""finetune/clinc_0.5_0.1_fold_5_0_2025"", ""pretrained_stage1_subdir"": ""pretrain/clinc_0.5_0.1_fold_5_0_2025"", ""do_pretrain_and_contrastive"": false, ""do_al_finetune"": true, ""finish_pretrain"": false, ""save_results"": true, ""num_train_epochs"": 50, ""num_pretrain_epochs"": 100, ""pretrain_batch_size"": 16, ""train_batch_size"": 32, ""eval_batch_size"": 64, ""lr"": 1e-05, ""lr_pre"": 5e-05, ""warmup_proportion"": 0.1, ""wait_patient"": 20, ""early_stopping_patience"": 5, ""early_stopping_min_delta"": 0.001, ""monitor_sum_metrics"": true, ""cluster_num_factor"": 1.0, ""embed_feat_dim"": 768, ""head_feat_dim"": 128, ""topk"": 50, ""rtr_prob"": 0.25, ""update_per_epoch"": 5, ""llm_model_name"": ""deepseek-v3:671b-gw"", ""api_base"": ""https://uni-api.cstcloud.cn/v1"", ""comparison_cluster_ratio"": 0.5, ""student_t_freedom"": 1, ""uncertainty_neighbour_num"": 25, ""rho"": 0.1, ""save_results_path"": ""./results/gcd/alup"", ""log_dir"": ""./outputs/gcd/alup/finetune/clinc_0.5_0.1_fold_5_0_2025/logs"", ""logger_name"": ""Discovery"", ""output_dir"": ""./outputs/gcd/alup/finetune/clinc_0.5_0.1_fold_5_0_2025"", ""result_dir"": ""./outputs/gcd/alup/finetune/clinc_0.5_0.1_fold_5_0_2025"", ""results_file_name"": ""results.csv"", ""model_file_name"": ""model"", ""num_labels"": 150}"
ALUP,mcid,0.5,0.1,1.0,2025,66.77,64.73,79.14,54.76,49.07,67.35,"{""config"": ""configs/gcd/alup.yaml"", ""dataset"": ""mcid"", ""known_cls_ratio"": 0.5, ""labeled_ratio"": 0.1, ""seed"": 2025, ""fold_num"": 5, ""fold_idx"": 0, ""fold_type"": ""fold"", ""gpu_id"": 3, ""max_seq_length"": 55, ""method"": ""ALUP"", ""data_dir"": ""./data"", ""bert_model"": ""./pretrained_models/bert-base-uncased"", ""output_base_dir"": ""./outputs/gcd/alup"", ""output_subdir"": ""finetune/mcid_0.5_0.1_fold_5_0_2025"", ""pretrained_stage1_subdir"": ""pretrain/mcid_0.5_0.1_fold_5_0_2025"", ""do_pretrain_and_contrastive"": false, ""do_al_finetune"": true, ""finish_pretrain"": false, ""save_results"": true, ""num_train_epochs"": 50, ""num_pretrain_epochs"": 100, ""pretrain_batch_size"": 16, ""train_batch_size"": 32, ""eval_batch_size"": 64, ""lr"": 1e-05, ""lr_pre"": 5e-05, ""warmup_proportion"": 0.1, ""wait_patient"": 20, ""early_stopping_patience"": 5, ""early_stopping_min_delta"": 0.001, ""monitor_sum_metrics"": true, ""cluster_num_factor"": 1.0, ""embed_feat_dim"": 768, ""head_feat_dim"": 128, ""topk"": 50, ""rtr_prob"": 0.25, ""update_per_epoch"": 5, ""llm_model_name"": ""deepseek-v3:671b-gw"", ""api_base"": ""https://uni-api.cstcloud.cn/v1"", ""comparison_cluster_ratio"": 0.5, ""student_t_freedom"": 1, ""uncertainty_neighbour_num"": 25, ""rho"": 0.1, ""save_results_path"": ""./results/gcd/alup"", ""log_dir"": ""./outputs/gcd/alup/finetune/mcid_0.5_0.1_fold_5_0_2025/logs"", ""logger_name"": ""Discovery"", ""output_dir"": ""./outputs/gcd/alup/finetune/mcid_0.5_0.1_fold_5_0_2025"", ""result_dir"": ""./outputs/gcd/alup/finetune/mcid_0.5_0.1_fold_5_0_2025"", ""results_file_name"": ""results.csv"", ""model_file_name"": ""model"", ""num_labels"": 16}"
ALUP,hwu,0.5,0.1,1.0,2025,65.99,64.62,78.23,55.05,55.32,81.63,"{""config"": ""configs/gcd/alup.yaml"", ""dataset"": ""hwu"", ""known_cls_ratio"": 0.5, ""labeled_ratio"": 0.1, ""seed"": 2025, ""fold_num"": 5, ""fold_idx"": 0, ""fold_type"": ""fold"", ""gpu_id"": 2, ""max_seq_length"": 55, ""method"": ""ALUP"", ""data_dir"": ""./data"", ""bert_model"": ""./pretrained_models/bert-base-uncased"", ""output_base_dir"": ""./outputs/gcd/alup"", ""output_subdir"": ""finetune/hwu_0.5_0.1_fold_5_0_2025"", ""pretrained_stage1_subdir"": ""pretrain/hwu_0.5_0.1_fold_5_0_2025"", ""do_pretrain_and_contrastive"": false, ""do_al_finetune"": true, ""finish_pretrain"": false, ""save_results"": true, ""num_train_epochs"": 50, ""num_pretrain_epochs"": 100, ""pretrain_batch_size"": 16, ""train_batch_size"": 32, ""eval_batch_size"": 64, ""lr"": 1e-05, ""lr_pre"": 5e-05, ""warmup_proportion"": 0.1, ""wait_patient"": 20, ""early_stopping_patience"": 5, ""early_stopping_min_delta"": 0.001, ""monitor_sum_metrics"": true, ""cluster_num_factor"": 1.0, ""embed_feat_dim"": 768, ""head_feat_dim"": 128, ""topk"": 50, ""rtr_prob"": 0.25, ""update_per_epoch"": 5, ""llm_model_name"": ""deepseek-v3:671b-gw"", ""api_base"": ""https://uni-api.cstcloud.cn/v1"", ""comparison_cluster_ratio"": 0.5, ""student_t_freedom"": 1, ""uncertainty_neighbour_num"": 25, ""rho"": 0.1, ""save_results_path"": ""./results/gcd/alup"", ""log_dir"": ""./outputs/gcd/alup/finetune/hwu_0.5_0.1_fold_5_0_2025/logs"", ""logger_name"": ""Discovery"", ""output_dir"": ""./outputs/gcd/alup/finetune/hwu_0.5_0.1_fold_5_0_2025"", ""result_dir"": ""./outputs/gcd/alup/finetune/hwu_0.5_0.1_fold_5_0_2025"", ""results_file_name"": ""results.csv"", ""model_file_name"": ""model"", ""num_labels"": 64}"
ALUP,20NG,0.5,0.1,1.0,2025,93.95,93.21,87.48,99.74,93.71,97.4,"{""config"": ""configs/gcd/alup.yaml"", ""dataset"": ""20NG"", ""known_cls_ratio"": 0.5, ""labeled_ratio"": 0.1, ""seed"": 2025, ""fold_num"": 5, ""fold_idx"": 0, ""fold_type"": ""fold"", ""gpu_id"": 3, ""max_seq_length"": 512, ""method"": ""ALUP"", ""data_dir"": ""./data"", ""bert_model"": ""./pretrained_models/bert-base-uncased"", ""output_base_dir"": ""./outputs/gcd/alup"", ""output_subdir"": ""finetune/20NG_0.5_0.1_fold_5_0_2025"", ""pretrained_stage1_subdir"": ""pretrain/20NG_0.5_0.1_fold_5_0_2025"", ""do_pretrain_and_contrastive"": false, ""do_al_finetune"": true, ""finish_pretrain"": false, ""save_results"": true, ""num_train_epochs"": 50, ""num_pretrain_epochs"": 100, ""pretrain_batch_size"": 16, ""train_batch_size"": 16, ""eval_batch_size"": 32, ""lr"": 1e-05, ""lr_pre"": 5e-05, ""warmup_proportion"": 0.1, ""wait_patient"": 20, ""early_stopping_patience"": 5, ""early_stopping_min_delta"": 0.001, ""monitor_sum_metrics"": true, ""cluster_num_factor"": 1.0, ""embed_feat_dim"": 768, ""head_feat_dim"": 128, ""topk"": 50, ""rtr_prob"": 0.25, ""update_per_epoch"": 5, ""llm_model_name"": ""deepseek-v3:671b-gw"", ""api_base"": ""https://uni-api.cstcloud.cn/v1"", ""comparison_cluster_ratio"": 0.5, ""student_t_freedom"": 1, ""uncertainty_neighbour_num"": 25, ""rho"": 0.1, ""save_results_path"": ""./results/gcd/alup"", ""log_dir"": ""./outputs/gcd/alup/finetune/20NG_0.5_0.1_fold_5_0_2025/logs"", ""logger_name"": ""Discovery"", ""output_dir"": ""./outputs/gcd/alup/finetune/20NG_0.5_0.1_fold_5_0_2025"", ""result_dir"": ""./outputs/gcd/alup/finetune/20NG_0.5_0.1_fold_5_0_2025"", ""results_file_name"": ""results.csv"", ""model_file_name"": ""model"", ""num_labels"": 20}"
ALUP,TREC,0.5,0.1,1.0,2025,51.22,48.0,53.16,43.75,43.47,74.66,"{""config"": ""configs/gcd/alup.yaml"", ""dataset"": ""TREC"", ""known_cls_ratio"": 0.5, ""labeled_ratio"": 0.1, ""seed"": 2025, ""fold_num"": 5, ""fold_idx"": 0, ""fold_type"": ""fold"", ""gpu_id"": 3, ""max_seq_length"": 256, ""method"": ""ALUP"", ""data_dir"": ""./data"", ""bert_model"": ""./pretrained_models/bert-base-uncased"", ""output_base_dir"": ""./outputs/gcd/alup"", ""output_subdir"": ""finetune/TREC_0.5_0.1_fold_5_0_2025"", ""pretrained_stage1_subdir"": ""pretrain/TREC_0.5_0.1_fold_5_0_2025"", ""do_pretrain_and_contrastive"": false, ""do_al_finetune"": true, ""finish_pretrain"": false, ""save_results"": true, ""num_train_epochs"": 50, ""num_pretrain_epochs"": 100, ""pretrain_batch_size"": 16, ""train_batch_size"": 16, ""eval_batch_size"": 32, ""lr"": 1e-05, ""lr_pre"": 5e-05, ""warmup_proportion"": 0.1, ""wait_patient"": 20, ""early_stopping_patience"": 5, ""early_stopping_min_delta"": 0.001, ""monitor_sum_metrics"": true, ""cluster_num_factor"": 1.0, ""embed_feat_dim"": 768, ""head_feat_dim"": 128, ""topk"": 50, ""rtr_prob"": 0.25, ""update_per_epoch"": 5, ""llm_model_name"": ""deepseek-v3:671b-gw"", ""api_base"": ""https://uni-api.cstcloud.cn/v1"", ""comparison_cluster_ratio"": 0.5, ""student_t_freedom"": 1, ""uncertainty_neighbour_num"": 25, ""rho"": 0.1, ""save_results_path"": ""./results/gcd/alup"", ""log_dir"": ""./outputs/gcd/alup/finetune/TREC_0.5_0.1_fold_5_0_2025/logs"", ""logger_name"": ""Discovery"", ""output_dir"": ""./outputs/gcd/alup/finetune/TREC_0.5_0.1_fold_5_0_2025"", ""result_dir"": ""./outputs/gcd/alup/finetune/TREC_0.5_0.1_fold_5_0_2025"", ""results_file_name"": ""results.csv"", ""model_file_name"": ""model"", ""num_labels"": 47}"
ALUP,Yahoo,0.5,0.1,1.0,2025,57.15,53.19,72.2,42.1,34.35,42.25,"{""config"": ""configs/gcd/alup.yaml"", ""dataset"": ""Yahoo"", ""known_cls_ratio"": 0.5, ""labeled_ratio"": 0.1, ""seed"": 2025, ""fold_num"": 5, ""fold_idx"": 0, ""fold_type"": ""fold"", ""gpu_id"": 3, ""max_seq_length"": 128, ""method"": ""ALUP"", ""data_dir"": ""./data"", ""bert_model"": ""./pretrained_models/bert-base-uncased"", ""output_base_dir"": ""./outputs/gcd/alup"", ""output_subdir"": ""finetune/Yahoo_0.5_0.1_fold_5_0_2025"", ""pretrained_stage1_subdir"": ""pretrain/Yahoo_0.5_0.1_fold_5_0_2025"", ""do_pretrain_and_contrastive"": false, ""do_al_finetune"": true, ""finish_pretrain"": false, ""save_results"": true, ""num_train_epochs"": 50, ""num_pretrain_epochs"": 100, ""pretrain_batch_size"": 16, ""train_batch_size"": 32, ""eval_batch_size"": 64, ""lr"": 1e-05, ""lr_pre"": 5e-05, ""warmup_proportion"": 0.1, ""wait_patient"": 20, ""early_stopping_patience"": 5, ""early_stopping_min_delta"": 0.001, ""monitor_sum_metrics"": true, ""cluster_num_factor"": 1.0, ""embed_feat_dim"": 768, ""head_feat_dim"": 128, ""topk"": 50, ""rtr_prob"": 0.25, ""update_per_epoch"": 5, ""llm_model_name"": ""deepseek-v3:671b-gw"", ""api_base"": ""https://uni-api.cstcloud.cn/v1"", ""comparison_cluster_ratio"": 0.5, ""student_t_freedom"": 1, ""uncertainty_neighbour_num"": 25, ""rho"": 0.1, ""save_results_path"": ""./results/gcd/alup"", ""log_dir"": ""./outputs/gcd/alup/finetune/Yahoo_0.5_0.1_fold_5_0_2025/logs"", ""logger_name"": ""Discovery"", ""output_dir"": ""./outputs/gcd/alup/finetune/Yahoo_0.5_0.1_fold_5_0_2025"", ""result_dir"": ""./outputs/gcd/alup/finetune/Yahoo_0.5_0.1_fold_5_0_2025"", ""results_file_name"": ""results.csv"", ""model_file_name"": ""model"", ""num_labels"": 10}"
ALUP,DBPedia,0.5,0.1,1.0,2025,78.2,75.9,82.13,70.54,76.67,92.96,"{""config"": ""configs/gcd/alup.yaml"", ""dataset"": ""DBPedia"", ""known_cls_ratio"": 0.5, ""labeled_ratio"": 0.1, ""seed"": 2025, ""fold_num"": 5, ""fold_idx"": 0, ""fold_type"": ""fold"", ""gpu_id"": 2, ""max_seq_length"": 256, ""method"": ""ALUP"", ""data_dir"": ""./data"", ""bert_model"": ""./pretrained_models/bert-base-uncased"", ""output_base_dir"": ""./outputs/gcd/alup"", ""output_subdir"": ""finetune/DBPedia_0.5_0.1_fold_5_0_2025"", ""pretrained_stage1_subdir"": ""pretrain/DBPedia_0.5_0.1_fold_5_0_2025"", ""do_pretrain_and_contrastive"": false, ""do_al_finetune"": true, ""finish_pretrain"": false, ""save_results"": true, ""num_train_epochs"": 50, ""num_pretrain_epochs"": 100, ""pretrain_batch_size"": 16, ""train_batch_size"": 16, ""eval_batch_size"": 32, ""lr"": 1e-05, ""lr_pre"": 5e-05, ""warmup_proportion"": 0.1, ""wait_patient"": 20, ""early_stopping_patience"": 5, ""early_stopping_min_delta"": 0.001, ""monitor_sum_metrics"": true, ""cluster_num_factor"": 1.0, ""embed_feat_dim"": 768, ""head_feat_dim"": 128, ""topk"": 50, ""rtr_prob"": 0.25, ""update_per_epoch"": 5, ""llm_model_name"": ""deepseek-v3:671b-gw"", ""api_base"": ""https://uni-api.cstcloud.cn/v1"", ""comparison_cluster_ratio"": 0.5, ""student_t_freedom"": 1, ""uncertainty_neighbour_num"": 25, ""rho"": 0.1, ""save_results_path"": ""./results/gcd/alup"", ""log_dir"": ""./outputs/gcd/alup/finetune/DBPedia_0.5_0.1_fold_5_0_2025/logs"", ""logger_name"": ""Discovery"", ""output_dir"": ""./outputs/gcd/alup/finetune/DBPedia_0.5_0.1_fold_5_0_2025"", ""result_dir"": ""./outputs/gcd/alup/finetune/DBPedia_0.5_0.1_fold_5_0_2025"", ""results_file_name"": ""results.csv"", ""model_file_name"": ""model"", ""num_labels"": 219}"
ALUP,ecdt,0.5,0.1,1.0,2025,66.58,67.27,64.81,69.92,54.16,79.79,"{""config"": ""configs/gcd/alup.yaml"", ""dataset"": ""ecdt"", ""known_cls_ratio"": 0.5, ""labeled_ratio"": 0.1, ""seed"": 2025, ""fold_num"": 5, ""fold_idx"": 0, ""fold_type"": ""fold"", ""gpu_id"": 2, ""max_seq_length"": 55, ""method"": ""ALUP"", ""data_dir"": ""./data"", ""bert_model"": ""./pretrained_models/bert-base-chinese"", ""output_base_dir"": ""./outputs/gcd/alup"", ""output_subdir"": ""finetune/ecdt_0.5_0.1_fold_5_0_2025"", ""pretrained_stage1_subdir"": ""pretrain/ecdt_0.5_0.1_fold_5_0_2025"", ""do_pretrain_and_contrastive"": false, ""do_al_finetune"": true, ""finish_pretrain"": false, ""save_results"": true, ""num_train_epochs"": 50, ""num_pretrain_epochs"": 100, ""pretrain_batch_size"": 16, ""train_batch_size"": 32, ""eval_batch_size"": 64, ""lr"": 1e-05, ""lr_pre"": 5e-05, ""warmup_proportion"": 0.1, ""wait_patient"": 20, ""early_stopping_patience"": 5, ""early_stopping_min_delta"": 0.001, ""monitor_sum_metrics"": true, ""cluster_num_factor"": 1.0, ""embed_feat_dim"": 768, ""head_feat_dim"": 128, ""topk"": 50, ""rtr_prob"": 0.25, ""update_per_epoch"": 5, ""llm_model_name"": ""deepseek-v3:671b-gw"", ""api_base"": ""https://uni-api.cstcloud.cn/v1"", ""comparison_cluster_ratio"": 0.5, ""student_t_freedom"": 1, ""uncertainty_neighbour_num"": 25, ""rho"": 0.1, ""save_results_path"": ""./results/gcd/alup"", ""log_dir"": ""./outputs/gcd/alup/finetune/ecdt_0.5_0.1_fold_5_0_2025/logs"", ""logger_name"": ""Discovery"", ""output_dir"": ""./outputs/gcd/alup/finetune/ecdt_0.5_0.1_fold_5_0_2025"", ""result_dir"": ""./outputs/gcd/alup/finetune/ecdt_0.5_0.1_fold_5_0_2025"", ""results_file_name"": ""results.csv"", ""model_file_name"": ""model"", ""num_labels"": 31}"
ALUP,X-Topic,0.5,0.1,1.0,2025,28.58,11.0,29.53,6.76,16.45,41.34,"{""config"": ""configs/gcd/alup.yaml"", ""dataset"": ""X-Topic"", ""known_cls_ratio"": 0.5, ""labeled_ratio"": 0.1, ""seed"": 2025, ""fold_num"": 5, ""fold_idx"": 0, ""fold_type"": ""fold"", ""gpu_id"": 2, ""max_seq_length"": 128, ""method"": ""ALUP"", ""data_dir"": ""./data"", ""bert_model"": ""./pretrained_models/bert-base-uncased"", ""output_base_dir"": ""./outputs/gcd/alup"", ""output_subdir"": ""finetune/X-Topic_0.5_0.1_fold_5_0_2025"", ""pretrained_stage1_subdir"": ""pretrain/X-Topic_0.5_0.1_fold_5_0_2025"", ""do_pretrain_and_contrastive"": false, ""do_al_finetune"": true, ""finish_pretrain"": false, ""save_results"": true, ""num_train_epochs"": 50, ""num_pretrain_epochs"": 100, ""pretrain_batch_size"": 16, ""train_batch_size"": 16, ""eval_batch_size"": 32, ""lr"": 1e-05, ""lr_pre"": 5e-05, ""warmup_proportion"": 0.1, ""wait_patient"": 20, ""early_stopping_patience"": 5, ""early_stopping_min_delta"": 0.001, ""monitor_sum_metrics"": true, ""cluster_num_factor"": 1.0, ""embed_feat_dim"": 768, ""head_feat_dim"": 128, ""topk"": 50, ""rtr_prob"": 0.25, ""update_per_epoch"": 5, ""llm_model_name"": ""deepseek-v3:671b-gw"", ""api_base"": ""https://uni-api.cstcloud.cn/v1"", ""comparison_cluster_ratio"": 0.5, ""student_t_freedom"": 1, ""uncertainty_neighbour_num"": 25, ""rho"": 0.1, ""save_results_path"": ""./results/gcd/alup"", ""log_dir"": ""./outputs/gcd/alup/finetune/X-Topic_0.5_0.1_fold_5_0_2025/logs"", ""logger_name"": ""Discovery"", ""output_dir"": ""./outputs/gcd/alup/finetune/X-Topic_0.5_0.1_fold_5_0_2025"", ""result_dir"": ""./outputs/gcd/alup/finetune/X-Topic_0.5_0.1_fold_5_0_2025"", ""results_file_name"": ""results.csv"", ""model_file_name"": ""model"", ""num_labels"": 49}"
ALUP,thucnews,0.5,0.1,1.0,2025,81.7,80.81,90.24,73.16,74.79,83.51,"{""config"": ""configs/gcd/alup.yaml"", ""dataset"": ""thucnews"", ""known_cls_ratio"": 0.5, ""labeled_ratio"": 0.1, ""seed"": 2025, ""fold_num"": 5, ""fold_idx"": 0, ""fold_type"": ""fold"", ""gpu_id"": 3, ""max_seq_length"": 500, ""method"": ""ALUP"", ""data_dir"": ""./data"", ""bert_model"": ""./pretrained_models/bert-base-chinese"", ""output_base_dir"": ""./outputs/gcd/alup"", ""output_subdir"": ""finetune/thucnews_0.5_0.1_fold_5_0_2025"", ""pretrained_stage1_subdir"": ""pretrain/thucnews_0.5_0.1_fold_5_0_2025"", ""do_pretrain_and_contrastive"": false, ""do_al_finetune"": true, ""finish_pretrain"": false, ""save_results"": true, ""num_train_epochs"": 50, ""num_pretrain_epochs"": 100, ""pretrain_batch_size"": 16, ""train_batch_size"": 16, ""eval_batch_size"": 32, ""lr"": 1e-05, ""lr_pre"": 5e-05, ""warmup_proportion"": 0.1, ""wait_patient"": 20, ""early_stopping_patience"": 5, ""early_stopping_min_delta"": 0.001, ""monitor_sum_metrics"": true, ""cluster_num_factor"": 1.0, ""embed_feat_dim"": 768, ""head_feat_dim"": 128, ""topk"": 50, ""rtr_prob"": 0.25, ""update_per_epoch"": 5, ""llm_model_name"": ""deepseek-v3:671b-gw"", ""api_base"": ""https://uni-api.cstcloud.cn/v1"", ""comparison_cluster_ratio"": 0.5, ""student_t_freedom"": 1, ""uncertainty_neighbour_num"": 25, ""rho"": 0.1, ""save_results_path"": ""./results/gcd/alup"", ""log_dir"": ""./outputs/gcd/alup/finetune/thucnews_0.5_0.1_fold_5_0_2025/logs"", ""logger_name"": ""Discovery"", ""output_dir"": ""./outputs/gcd/alup/finetune/thucnews_0.5_0.1_fold_5_0_2025"", ""result_dir"": ""./outputs/gcd/alup/finetune/thucnews_0.5_0.1_fold_5_0_2025"", ""results_file_name"": ""results.csv"", ""model_file_name"": ""model"", ""num_labels"": 14}"
ALUP,banking,0.75,0.1,1.0,2025,76.88,72.72,80.3,66.45,67.0,86.23,"{""config"": ""configs/gcd/alup.yaml"", ""dataset"": ""banking"", ""known_cls_ratio"": 0.75, ""labeled_ratio"": 0.1, ""seed"": 2025, ""fold_num"": 5, ""fold_idx"": 0, ""fold_type"": ""fold"", ""gpu_id"": 2, ""max_seq_length"": 55, ""method"": ""ALUP"", ""data_dir"": ""./data"", ""bert_model"": ""./pretrained_models/bert-base-uncased"", ""output_base_dir"": ""./outputs/gcd/alup"", ""output_subdir"": ""finetune/banking_0.75_0.1_fold_5_0_2025"", ""pretrained_stage1_subdir"": ""pretrain/banking_0.75_0.1_fold_5_0_2025"", ""do_pretrain_and_contrastive"": false, ""do_al_finetune"": true, ""finish_pretrain"": false, ""save_results"": true, ""num_train_epochs"": 50, ""num_pretrain_epochs"": 100, ""pretrain_batch_size"": 16, ""train_batch_size"": 32, ""eval_batch_size"": 64, ""lr"": 1e-05, ""lr_pre"": 5e-05, ""warmup_proportion"": 0.1, ""wait_patient"": 20, ""early_stopping_patience"": 5, ""early_stopping_min_delta"": 0.001, ""monitor_sum_metrics"": true, ""cluster_num_factor"": 1.0, ""embed_feat_dim"": 768, ""head_feat_dim"": 128, ""topk"": 50, ""rtr_prob"": 0.25, ""update_per_epoch"": 5, ""llm_model_name"": ""deepseek-v3:671b-gw"", ""api_base"": ""https://uni-api.cstcloud.cn/v1"", ""comparison_cluster_ratio"": 0.5, ""student_t_freedom"": 1, ""uncertainty_neighbour_num"": 25, ""rho"": 0.1, ""save_results_path"": ""./results/gcd/alup"", ""log_dir"": ""./outputs/gcd/alup/finetune/banking_0.75_0.1_fold_5_0_2025/logs"", ""logger_name"": ""Discovery"", ""output_dir"": ""./outputs/gcd/alup/finetune/banking_0.75_0.1_fold_5_0_2025"", ""result_dir"": ""./outputs/gcd/alup/finetune/banking_0.75_0.1_fold_5_0_2025"", ""results_file_name"": ""results.csv"", ""model_file_name"": ""model"", ""num_labels"": 77}"
ALUP,clinc,0.75,0.1,1.0,2025,86.89,81.24,91.61,72.98,80.88,94.88,"{""config"": ""configs/gcd/alup.yaml"", ""dataset"": ""clinc"", ""known_cls_ratio"": 0.75, ""labeled_ratio"": 0.1, ""seed"": 2025, ""fold_num"": 5, ""fold_idx"": 0, ""fold_type"": ""fold"", ""gpu_id"": 3, ""max_seq_length"": 30, ""method"": ""ALUP"", ""data_dir"": ""./data"", ""bert_model"": ""./pretrained_models/bert-base-uncased"", ""output_base_dir"": ""./outputs/gcd/alup"", ""output_subdir"": ""finetune/clinc_0.75_0.1_fold_5_0_2025"", ""pretrained_stage1_subdir"": ""pretrain/clinc_0.75_0.1_fold_5_0_2025"", ""do_pretrain_and_contrastive"": false, ""do_al_finetune"": true, ""finish_pretrain"": false, ""save_results"": true, ""num_train_epochs"": 50, ""num_pretrain_epochs"": 100, ""pretrain_batch_size"": 16, ""train_batch_size"": 32, ""eval_batch_size"": 64, ""lr"": 1e-05, ""lr_pre"": 5e-05, ""warmup_proportion"": 0.1, ""wait_patient"": 20, ""early_stopping_patience"": 5, ""early_stopping_min_delta"": 0.001, ""monitor_sum_metrics"": true, ""cluster_num_factor"": 1.0, ""embed_feat_dim"": 768, ""head_feat_dim"": 128, ""topk"": 50, ""rtr_prob"": 0.25, ""update_per_epoch"": 5, ""llm_model_name"": ""deepseek-v3:671b-gw"", ""api_base"": ""https://uni-api.cstcloud.cn/v1"", ""comparison_cluster_ratio"": 0.5, ""student_t_freedom"": 1, ""uncertainty_neighbour_num"": 25, ""rho"": 0.1, ""save_results_path"": ""./results/gcd/alup"", ""log_dir"": ""./outputs/gcd/alup/finetune/clinc_0.75_0.1_fold_5_0_2025/logs"", ""logger_name"": ""Discovery"", ""output_dir"": ""./outputs/gcd/alup/finetune/clinc_0.75_0.1_fold_5_0_2025"", ""result_dir"": ""./outputs/gcd/alup/finetune/clinc_0.75_0.1_fold_5_0_2025"", ""results_file_name"": ""results.csv"", ""model_file_name"": ""model"", ""num_labels"": 150}"
ALUP,stackoverflow,0.75,0.1,1.0,2025,80.82,75.73,85.0,68.29,67.09,76.16,"{""config"": ""configs/gcd/alup.yaml"", ""dataset"": ""stackoverflow"", ""known_cls_ratio"": 0.75, ""labeled_ratio"": 0.1, ""seed"": 2025, ""fold_num"": 5, ""fold_idx"": 0, ""fold_type"": ""fold"", ""gpu_id"": 2, ""max_seq_length"": 45, ""method"": ""ALUP"", ""data_dir"": ""./data"", ""bert_model"": ""./pretrained_models/bert-base-uncased"", ""output_base_dir"": ""./outputs/gcd/alup"", ""output_subdir"": ""finetune/stackoverflow_0.75_0.1_fold_5_0_2025"", ""pretrained_stage1_subdir"": ""pretrain/stackoverflow_0.75_0.1_fold_5_0_2025"", ""do_pretrain_and_contrastive"": false, ""do_al_finetune"": true, ""finish_pretrain"": false, ""save_results"": true, ""num_train_epochs"": 50, ""num_pretrain_epochs"": 100, ""pretrain_batch_size"": 16, ""train_batch_size"": 32, ""eval_batch_size"": 64, ""lr"": 1e-05, ""lr_pre"": 5e-05, ""warmup_proportion"": 0.1, ""wait_patient"": 20, ""early_stopping_patience"": 5, ""early_stopping_min_delta"": 0.001, ""monitor_sum_metrics"": true, ""cluster_num_factor"": 1.0, ""embed_feat_dim"": 768, ""head_feat_dim"": 128, ""topk"": 50, ""rtr_prob"": 0.25, ""update_per_epoch"": 5, ""llm_model_name"": ""deepseek-v3:671b-gw"", ""api_base"": ""https://uni-api.cstcloud.cn/v1"", ""comparison_cluster_ratio"": 0.5, ""student_t_freedom"": 1, ""uncertainty_neighbour_num"": 25, ""rho"": 0.1, ""save_results_path"": ""./results/gcd/alup"", ""log_dir"": ""./outputs/gcd/alup/finetune/stackoverflow_0.75_0.1_fold_5_0_2025/logs"", ""logger_name"": ""Discovery"", ""output_dir"": ""./outputs/gcd/alup/finetune/stackoverflow_0.75_0.1_fold_5_0_2025"", ""result_dir"": ""./outputs/gcd/alup/finetune/stackoverflow_0.75_0.1_fold_5_0_2025"", ""results_file_name"": ""results.csv"", ""model_file_name"": ""model"", ""num_labels"": 20}"
ALUP,mcid,0.75,0.1,1.0,2025,69.49,40.95,84.15,27.06,56.4,74.9,"{""config"": ""configs/gcd/alup.yaml"", ""dataset"": ""mcid"", ""known_cls_ratio"": 0.75, ""labeled_ratio"": 0.1, ""seed"": 2025, ""fold_num"": 5, ""fold_idx"": 0, ""fold_type"": ""fold"", ""gpu_id"": 2, ""max_seq_length"": 55, ""method"": ""ALUP"", ""data_dir"": ""./data"", ""bert_model"": ""./pretrained_models/bert-base-uncased"", ""output_base_dir"": ""./outputs/gcd/alup"", ""output_subdir"": ""finetune/mcid_0.75_0.1_fold_5_0_2025"", ""pretrained_stage1_subdir"": ""pretrain/mcid_0.75_0.1_fold_5_0_2025"", ""do_pretrain_and_contrastive"": false, ""do_al_finetune"": true, ""finish_pretrain"": false, ""save_results"": true, ""num_train_epochs"": 50, ""num_pretrain_epochs"": 100, ""pretrain_batch_size"": 16, ""train_batch_size"": 32, ""eval_batch_size"": 64, ""lr"": 1e-05, ""lr_pre"": 5e-05, ""warmup_proportion"": 0.1, ""wait_patient"": 20, ""early_stopping_patience"": 5, ""early_stopping_min_delta"": 0.001, ""monitor_sum_metrics"": true, ""cluster_num_factor"": 1.0, ""embed_feat_dim"": 768, ""head_feat_dim"": 128, ""topk"": 50, ""rtr_prob"": 0.25, ""update_per_epoch"": 5, ""llm_model_name"": ""deepseek-v3:671b-gw"", ""api_base"": ""https://uni-api.cstcloud.cn/v1"", ""comparison_cluster_ratio"": 0.5, ""student_t_freedom"": 1, ""uncertainty_neighbour_num"": 25, ""rho"": 0.1, ""save_results_path"": ""./results/gcd/alup"", ""log_dir"": ""./outputs/gcd/alup/finetune/mcid_0.75_0.1_fold_5_0_2025/logs"", ""logger_name"": ""Discovery"", ""output_dir"": ""./outputs/gcd/alup/finetune/mcid_0.75_0.1_fold_5_0_2025"", ""result_dir"": ""./outputs/gcd/alup/finetune/mcid_0.75_0.1_fold_5_0_2025"", ""results_file_name"": ""results.csv"", ""model_file_name"": ""model"", ""num_labels"": 16}"
ALUP,hwu,0.75,0.1,1.0,2025,79.46,78.73,80.32,77.19,69.33,86.79,"{""config"": ""configs/gcd/alup.yaml"", ""dataset"": ""hwu"", ""known_cls_ratio"": 0.75, ""labeled_ratio"": 0.1, ""seed"": 2025, ""fold_num"": 5, ""fold_idx"": 0, ""fold_type"": ""fold"", ""gpu_id"": 3, ""max_seq_length"": 55, ""method"": ""ALUP"", ""data_dir"": ""./data"", ""bert_model"": ""./pretrained_models/bert-base-uncased"", ""output_base_dir"": ""./outputs/gcd/alup"", ""output_subdir"": ""finetune/hwu_0.75_0.1_fold_5_0_2025"", ""pretrained_stage1_subdir"": ""pretrain/hwu_0.75_0.1_fold_5_0_2025"", ""do_pretrain_and_contrastive"": false, ""do_al_finetune"": true, ""finish_pretrain"": false, ""save_results"": true, ""num_train_epochs"": 50, ""num_pretrain_epochs"": 100, ""pretrain_batch_size"": 16, ""train_batch_size"": 32, ""eval_batch_size"": 64, ""lr"": 1e-05, ""lr_pre"": 5e-05, ""warmup_proportion"": 0.1, ""wait_patient"": 20, ""early_stopping_patience"": 5, ""early_stopping_min_delta"": 0.001, ""monitor_sum_metrics"": true, ""cluster_num_factor"": 1.0, ""embed_feat_dim"": 768, ""head_feat_dim"": 128, ""topk"": 50, ""rtr_prob"": 0.25, ""update_per_epoch"": 5, ""llm_model_name"": ""deepseek-v3:671b-gw"", ""api_base"": ""https://uni-api.cstcloud.cn/v1"", ""comparison_cluster_ratio"": 0.5, ""student_t_freedom"": 1, ""uncertainty_neighbour_num"": 25, ""rho"": 0.1, ""save_results_path"": ""./results/gcd/alup"", ""log_dir"": ""./outputs/gcd/alup/finetune/hwu_0.75_0.1_fold_5_0_2025/logs"", ""logger_name"": ""Discovery"", ""output_dir"": ""./outputs/gcd/alup/finetune/hwu_0.75_0.1_fold_5_0_2025"", ""result_dir"": ""./outputs/gcd/alup/finetune/hwu_0.75_0.1_fold_5_0_2025"", ""results_file_name"": ""results.csv"", ""model_file_name"": ""model"", ""num_labels"": 64}"
ALUP,20NG,0.75,0.1,1.0,2025,95.7,96.53,94.57,98.57,94.39,97.93,"{""config"": ""configs/gcd/alup.yaml"", ""dataset"": ""20NG"", ""known_cls_ratio"": 0.75, ""labeled_ratio"": 0.1, ""seed"": 2025, ""fold_num"": 5, ""fold_idx"": 0, ""fold_type"": ""fold"", ""gpu_id"": 2, ""max_seq_length"": 512, ""method"": ""ALUP"", ""data_dir"": ""./data"", ""bert_model"": ""./pretrained_models/bert-base-uncased"", ""output_base_dir"": ""./outputs/gcd/alup"", ""output_subdir"": ""finetune/20NG_0.75_0.1_fold_5_0_2025"", ""pretrained_stage1_subdir"": ""pretrain/20NG_0.75_0.1_fold_5_0_2025"", ""do_pretrain_and_contrastive"": false, ""do_al_finetune"": true, ""finish_pretrain"": false, ""save_results"": true, ""num_train_epochs"": 50, ""num_pretrain_epochs"": 100, ""pretrain_batch_size"": 16, ""train_batch_size"": 16, ""eval_batch_size"": 32, ""lr"": 1e-05, ""lr_pre"": 5e-05, ""warmup_proportion"": 0.1, ""wait_patient"": 20, ""early_stopping_patience"": 5, ""early_stopping_min_delta"": 0.001, ""monitor_sum_metrics"": true, ""cluster_num_factor"": 1.0, ""embed_feat_dim"": 768, ""head_feat_dim"": 128, ""topk"": 50, ""rtr_prob"": 0.25, ""update_per_epoch"": 5, ""llm_model_name"": ""deepseek-v3:671b-gw"", ""api_base"": ""https://uni-api.cstcloud.cn/v1"", ""comparison_cluster_ratio"": 0.5, ""student_t_freedom"": 1, ""uncertainty_neighbour_num"": 25, ""rho"": 0.1, ""save_results_path"": ""./results/gcd/alup"", ""log_dir"": ""./outputs/gcd/alup/finetune/20NG_0.75_0.1_fold_5_0_2025/logs"", ""logger_name"": ""Discovery"", ""output_dir"": ""./outputs/gcd/alup/finetune/20NG_0.75_0.1_fold_5_0_2025"", ""result_dir"": ""./outputs/gcd/alup/finetune/20NG_0.75_0.1_fold_5_0_2025"", ""results_file_name"": ""results.csv"", ""model_file_name"": ""model"", ""num_labels"": 20}"
