method,dataset,known_cls_ratio,labeled_ratio,cluster_num_factor,seed,K,ACC,H-Score,K-ACC,N-ACC,ARI,NMI,args
ab,banking,0.25,0.1,1.0,2025.0,76.4,58.4,57.0,84.8,"{""config"": ""configs/openset/ab.yaml"", ""seed"": 2025, ""gpu_id"": ""0"", ""dataset"": ""banking"", ""data_dir"": ""./data"", ""known_cls_ratio"": 0.25, ""labeled_ratio"": 0.1, ""cluster_num_factor"": 1.0, ""fold_idx"": 0, ""num_train_epochs"": 50, ""fold_num"": 5, ""emb_name"": ""sbert"", ""alpha"": 0.35, ""output_dir"": ""./outputs/openset/ab/banking_sbert_0.25_2025"", ""save_results_path"": ""results/openset/ab""}",0.0
ab,clinc,0.25,0.1,1.0,2025.0,82.6,67.7,67.1,88.6,"{""config"": ""configs/openset/ab.yaml"", ""seed"": 2025, ""gpu_id"": ""0"", ""dataset"": ""clinc"", ""data_dir"": ""./data"", ""known_cls_ratio"": 0.25, ""labeled_ratio"": 0.1, ""cluster_num_factor"": 1.0, ""fold_idx"": 0, ""num_train_epochs"": 50, ""fold_num"": 5, ""emb_name"": ""sbert"", ""alpha"": 0.35, ""output_dir"": ""./outputs/openset/ab/clinc_sbert_0.25_2025"", ""save_results_path"": ""results/openset/ab""}",0.0
DyEn,banking,0.25,0.1,1.0,2025.0,0.6961038961038961,0.6558883716593725,0.6505187389885466,0.7579113924050633,"{""model_name_or_path"": ""./pretrained_models/bert-base-uncased"", ""loss_type"": ""ce_and_div"", ""diversity_loss_weight"": 0.1, ""scale"": 1.0, ""adv_k"": 0, ""adv_lr"": 0.03, ""adv_init_mag"": 0.05, ""adv_max_norm"": 0.0, ""config"": ""configs/openset/dyen.yaml"", ""scale_ood"": 1.0, ""save_results_path"": ""results/openset/dyen"", ""cluster_num_factor"": 1.0, ""output_dir"": ""./outputs/openset/dyen/banking_0.25_2025"", ""overwrite_output_dir"": true, ""do_train"": true, ""do_eval"": true, ""do_predict"": true, ""eval_strategy"": ""no"", ""prediction_loss_only"": false, ""per_device_train_batch_size"": 32, ""per_device_eval_batch_size"": 32, ""per_gpu_train_batch_size"": null, ""per_gpu_eval_batch_size"": null, ""gradient_accumulation_steps"": 1, ""eval_accumulation_steps"": null, ""eval_delay"": 0, ""torch_empty_cache_steps"": null, ""learning_rate"": 2e-05, ""weight_decay"": 0.0, ""adam_beta1"": 0.9, ""adam_beta2"": 0.999, ""adam_epsilon"": 1e-08, ""max_grad_norm"": 1.0, ""num_train_epochs"": 50.0, ""max_steps"": -1, ""lr_scheduler_type"": ""linear"", ""lr_scheduler_kwargs"": {}, ""warmup_ratio"": 0.0, ""warmup_steps"": 360.0, ""log_level"": ""passive"", ""log_level_replica"": ""warning"", ""log_on_each_node"": true, ""logging_dir"": ""./outputs/openset/dyen/banking_0.25_2025/runs/Sep28_10-59-34_wqd10nbg02g3"", ""logging_strategy"": ""steps"", ""logging_first_step"": false, ""logging_steps"": 500, ""logging_nan_inf_filter"": true, ""save_strategy"": ""steps"", ""save_steps"": 500, ""save_total_limit"": null, ""save_safetensors"": true, ""save_on_each_node"": false, ""save_only_model"": false, ""restore_callback_states_from_checkpoint"": false, ""no_cuda"": false, ""use_cpu"": false, ""use_mps_device"": false, ""seed"": 2025, ""data_seed"": null, ""jit_mode_eval"": false, ""use_ipex"": false, ""bf16"": false, ""fp16"": false, ""fp16_opt_level"": ""O1"", ""half_precision_backend"": ""auto"", ""bf16_full_eval"": false, ""fp16_full_eval"": false, ""tf32"": null, ""local_rank"": 0, ""ddp_backend"": null, ""tpu_num_cores"": null, ""tpu_metrics_debug"": false, ""debug"": [], ""dataloader_drop_last"": false, ""eval_steps"": null, ""dataloader_num_workers"": 0, ""dataloader_prefetch_factor"": null, ""past_index"": -1, ""run_name"": null, ""disable_tqdm"": false, ""remove_unused_columns"": false, ""label_names"": null, ""load_best_model_at_end"": false, ""metric_for_best_model"": null, ""greater_is_better"": null, ""ignore_data_skip"": false, ""fsdp"": [], ""fsdp_min_num_params"": 0, ""fsdp_config"": {""min_num_params"": 0, ""xla"": false, ""xla_fsdp_v2"": false, ""xla_fsdp_grad_ckpt"": false}, ""fsdp_transformer_layer_cls_to_wrap"": null, ""accelerator_config"": ""AcceleratorConfig(split_batches=False, dispatch_batches=None, even_batches=True, use_seedable_sampler=True, non_blocking=False, gradient_accumulation_kwargs=None, use_configured_state=False)"", ""parallelism_config"": null, ""deepspeed"": null, ""label_smoothing_factor"": 0.0, ""optim"": ""adamw_torch_fused"", ""optim_args"": null, ""adafactor"": false, ""group_by_length"": false, ""length_column_name"": ""length"", ""report_to"": [""tensorboard"", ""wandb""], ""ddp_find_unused_parameters"": null, ""ddp_bucket_cap_mb"": null, ""ddp_broadcast_buffers"": null, ""dataloader_pin_memory"": true, ""dataloader_persistent_workers"": false, ""skip_memory_metrics"": true, ""use_legacy_prediction_loop"": false, ""push_to_hub"": false, ""resume_from_checkpoint"": null, ""hub_model_id"": null, ""hub_strategy"": ""every_save"", ""hub_token"": null, ""hub_private_repo"": null, ""hub_always_push"": false, ""hub_revision"": null, ""gradient_checkpointing"": false, ""gradient_checkpointing_kwargs"": null, ""include_inputs_for_metrics"": false, ""include_for_metrics"": [], ""eval_do_concat_batches"": true, ""fp16_backend"": ""auto"", ""push_to_hub_model_id"": null, ""push_to_hub_organization"": null, ""push_to_hub_token"": null, ""mp_parameters"": """", ""auto_find_batch_size"": false, ""full_determinism"": false, ""torchdynamo"": null, ""ray_scope"": ""last"", ""ddp_timeout"": 1800, ""torch_compile"": false, ""torch_compile_backend"": null, ""torch_compile_mode"": null, ""include_tokens_per_second"": false, ""include_num_input_tokens_seen"": false, ""neftune_noise_alpha"": null, ""optim_target_modules"": null, ""batch_eval_metrics"": false, ""eval_on_start"": false, ""use_liger_kernel"": false, ""liger_kernel_config"": null, ""eval_use_gather_object"": false, ""average_tokens_across_devices"": false, ""distributed_state"": ""Distributed environment: DistributedType.NO\nNum processes: 1\nProcess index: 0\nLocal process index: 0\nDevice: cuda\n"", ""_n_gpu"": 1, ""__cached__setup_devices"": ""cuda:0"", ""deepspeed_plugin"": null, ""dataset"": ""banking"", ""known_cls_ratio"": 0.25, ""data_dir"": ""./data"", ""labeled_ratio"": 0.1, ""fold_idx"": 0, ""fold_num"": 5, ""gpu_id"": ""2"", ""max_seq_length"": 128, ""pad_to_max_length"": true, ""overwrite_cache"": true}",0.0
DyEn,clinc,0.25,0.1,1.0,2025.0,0.8293333333333334,0.7778005690581887,0.7752600023159525,0.8743421052631579,"{""model_name_or_path"": ""./pretrained_models/bert-base-uncased"", ""loss_type"": ""ce_and_div"", ""diversity_loss_weight"": 0.1, ""scale"": 1.0, ""adv_k"": 0, ""adv_lr"": 0.03, ""adv_init_mag"": 0.05, ""adv_max_norm"": 0.0, ""config"": ""configs/openset/dyen.yaml"", ""scale_ood"": 1.0, ""save_results_path"": ""results/openset/dyen"", ""cluster_num_factor"": 1.0, ""output_dir"": ""./outputs/openset/dyen/clinc_0.25_2025"", ""overwrite_output_dir"": true, ""do_train"": true, ""do_eval"": true, ""do_predict"": true, ""eval_strategy"": ""no"", ""prediction_loss_only"": false, ""per_device_train_batch_size"": 32, ""per_device_eval_batch_size"": 32, ""per_gpu_train_batch_size"": null, ""per_gpu_eval_batch_size"": null, ""gradient_accumulation_steps"": 1, ""eval_accumulation_steps"": null, ""eval_delay"": 0, ""torch_empty_cache_steps"": null, ""learning_rate"": 2e-05, ""weight_decay"": 0.0, ""adam_beta1"": 0.9, ""adam_beta2"": 0.999, ""adam_epsilon"": 1e-08, ""max_grad_norm"": 1.0, ""num_train_epochs"": 50.0, ""max_steps"": -1, ""lr_scheduler_type"": ""linear"", ""lr_scheduler_kwargs"": {}, ""warmup_ratio"": 0.0, ""warmup_steps"": 715.0, ""log_level"": ""passive"", ""log_level_replica"": ""warning"", ""log_on_each_node"": true, ""logging_dir"": ""./outputs/openset/dyen/clinc_0.25_2025/runs/Sep28_11-02-40_wqd10nbg02g3"", ""logging_strategy"": ""steps"", ""logging_first_step"": false, ""logging_steps"": 500, ""logging_nan_inf_filter"": true, ""save_strategy"": ""steps"", ""save_steps"": 500, ""save_total_limit"": null, ""save_safetensors"": true, ""save_on_each_node"": false, ""save_only_model"": false, ""restore_callback_states_from_checkpoint"": false, ""no_cuda"": false, ""use_cpu"": false, ""use_mps_device"": false, ""seed"": 2025, ""data_seed"": null, ""jit_mode_eval"": false, ""use_ipex"": false, ""bf16"": false, ""fp16"": false, ""fp16_opt_level"": ""O1"", ""half_precision_backend"": ""auto"", ""bf16_full_eval"": false, ""fp16_full_eval"": false, ""tf32"": null, ""local_rank"": 0, ""ddp_backend"": null, ""tpu_num_cores"": null, ""tpu_metrics_debug"": false, ""debug"": [], ""dataloader_drop_last"": false, ""eval_steps"": null, ""dataloader_num_workers"": 0, ""dataloader_prefetch_factor"": null, ""past_index"": -1, ""run_name"": null, ""disable_tqdm"": false, ""remove_unused_columns"": false, ""label_names"": null, ""load_best_model_at_end"": false, ""metric_for_best_model"": null, ""greater_is_better"": null, ""ignore_data_skip"": false, ""fsdp"": [], ""fsdp_min_num_params"": 0, ""fsdp_config"": {""min_num_params"": 0, ""xla"": false, ""xla_fsdp_v2"": false, ""xla_fsdp_grad_ckpt"": false}, ""fsdp_transformer_layer_cls_to_wrap"": null, ""accelerator_config"": ""AcceleratorConfig(split_batches=False, dispatch_batches=None, even_batches=True, use_seedable_sampler=True, non_blocking=False, gradient_accumulation_kwargs=None, use_configured_state=False)"", ""parallelism_config"": null, ""deepspeed"": null, ""label_smoothing_factor"": 0.0, ""optim"": ""adamw_torch_fused"", ""optim_args"": null, ""adafactor"": false, ""group_by_length"": false, ""length_column_name"": ""length"", ""report_to"": [""tensorboard"", ""wandb""], ""ddp_find_unused_parameters"": null, ""ddp_bucket_cap_mb"": null, ""ddp_broadcast_buffers"": null, ""dataloader_pin_memory"": true, ""dataloader_persistent_workers"": false, ""skip_memory_metrics"": true, ""use_legacy_prediction_loop"": false, ""push_to_hub"": false, ""resume_from_checkpoint"": null, ""hub_model_id"": null, ""hub_strategy"": ""every_save"", ""hub_token"": null, ""hub_private_repo"": null, ""hub_always_push"": false, ""hub_revision"": null, ""gradient_checkpointing"": false, ""gradient_checkpointing_kwargs"": null, ""include_inputs_for_metrics"": false, ""include_for_metrics"": [], ""eval_do_concat_batches"": true, ""fp16_backend"": ""auto"", ""push_to_hub_model_id"": null, ""push_to_hub_organization"": null, ""push_to_hub_token"": null, ""mp_parameters"": """", ""auto_find_batch_size"": false, ""full_determinism"": false, ""torchdynamo"": null, ""ray_scope"": ""last"", ""ddp_timeout"": 1800, ""torch_compile"": false, ""torch_compile_backend"": null, ""torch_compile_mode"": null, ""include_tokens_per_second"": false, ""include_num_input_tokens_seen"": false, ""neftune_noise_alpha"": null, ""optim_target_modules"": null, ""batch_eval_metrics"": false, ""eval_on_start"": false, ""use_liger_kernel"": false, ""liger_kernel_config"": null, ""eval_use_gather_object"": false, ""average_tokens_across_devices"": false, ""distributed_state"": ""Distributed environment: DistributedType.NO\nNum processes: 1\nProcess index: 0\nLocal process index: 0\nDevice: cuda\n"", ""_n_gpu"": 1, ""__cached__setup_devices"": ""cuda:0"", ""deepspeed_plugin"": null, ""dataset"": ""clinc"", ""known_cls_ratio"": 0.25, ""data_dir"": ""./data"", ""labeled_ratio"": 0.1, ""fold_idx"": 0, ""fold_num"": 5, ""gpu_id"": ""2"", ""max_seq_length"": 128, ""pad_to_max_length"": true, ""overwrite_cache"": true}",0.0
KnnCon,banking,0.25,0.1,1.0,2025.0,55.03,56.55,56.44,58.66,"{""output_dir"": ""./outputs/openset/knncon"", ""overwrite_output_dir"": true, ""do_train"": true, ""do_eval"": true, ""do_predict"": true, ""model_parallel"": false, ""evaluation_strategy"": ""epoch"", ""prediction_loss_only"": false, ""per_device_train_batch_size"": 16, ""per_device_eval_batch_size"": 16, ""per_gpu_train_batch_size"": null, ""per_gpu_eval_batch_size"": null, ""gradient_accumulation_steps"": 1, ""eval_accumulation_steps"": null, ""learning_rate"": 5e-05, ""weight_decay"": 0.0001, ""adam_beta1"": 0.9, ""adam_beta2"": 0.98, ""adam_epsilon"": 1e-08, ""max_grad_norm"": 1.0, ""num_train_epochs"": 50, ""max_steps"": -1, ""warmup_steps"": 720.0, ""logging_dir"": ""runs/Sep28_10-59-35_wqd10nbg02g3"", ""logging_first_step"": false, ""logging_steps"": 500, ""save_steps"": 500, ""save_total_limit"": null, ""no_cuda"": false, ""seed"": 2025, ""fp16"": false, ""fp16_opt_level"": ""O1"", ""local_rank"": -1, ""tpu_num_cores"": null, ""tpu_metrics_debug"": false, ""debug"": false, ""dataloader_drop_last"": false, ""eval_steps"": 500, ""dataloader_num_workers"": 0, ""past_index"": -1, ""run_name"": ""./outputs/openset/knncon"", ""disable_tqdm"": false, ""remove_unused_columns"": true, ""label_names"": null, ""load_best_model_at_end"": true, ""metric_for_best_model"": ""f1"", ""greater_is_better"": true, ""ignore_skip"": false, ""fp16_backend"": ""auto"", ""sharded_ddp"": false, ""data_dir"": ""./data"", ""dataset"": ""banking"", ""known_cls_ratio"": 0.25, ""labeled_ratio"": 0.1, ""fold_idx"": 0, ""fold_num"": 5, ""gpu_id"": 3, ""fitlog_dir"": ""./logs"", ""multi_head_num"": 32, ""sample_file"": """", ""max_length"": 0, ""sim_embed"": ""/remote-home/dmsong/train_data/adv_learn/counter-fitted-vectors.txt"", ""cosine_npy"": ""/remote-home/dmsong/train_data/adv_learn/cos_sim_counter_fitting.npy"", ""train_multi_head"": false, ""model_path"": ""bert-base-uncased"", ""load_trained_model"": false, ""load_model_pattern"": ""knn_bert"", ""num_labels"": 20, ""lmcl"": false, ""cl_model"": """", ""rnn_number_layers"": 1, ""sup_cont"": false, ""supcont_pre_epoches"": 2, ""ind_pre_epoches"": 20, ""norm_coef"": 0.1, ""setting"": ""lof"", ""cl_mode"": 1, ""hidden_dim"": 128, ""clip"": 0.25, ""mode"": ""both"", ""temperature"": 0.3, ""auto_th"": 25, ""negative_num"": 96, ""positive_num"": 3, ""queue_size"": 32000, ""top_k"": 20, ""end_k"": 1, ""m"": 0.999, ""contrastive_rate_in_training"": 0.1, ""contrastive_rate_in_inference"": 0.1, ""early_stopping_patience"": 3, ""early_stopping_threshold"": 0.0, ""_setup_devices"": ""(device(type='cuda', index=0), 1)""}",0.0
ab,stackoverflow,0.25,0.1,1.0,2025.0,73.7,58.1,53.1,83.2,"{""config"": ""configs/openset/ab.yaml"", ""seed"": 2025, ""gpu_id"": ""3"", ""dataset"": ""stackoverflow"", ""data_dir"": ""./data"", ""known_cls_ratio"": 0.25, ""labeled_ratio"": 0.1, ""cluster_num_factor"": 1.0, ""fold_idx"": 0, ""num_train_epochs"": 50, ""fold_num"": 5, ""emb_name"": ""sbert"", ""alpha"": 0.35, ""output_dir"": ""./outputs/openset/ab/stackoverflow_sbert_0.25_2025"", ""save_results_path"": ""results/openset/ab""}",0.0
ADB,banking,0.25,1.0,1.0,2025.0,80.32,72.3304,71.616,85.9044,"{""config"": ""configs/openset/adb.yaml"", ""output_dir"": ""./outputs/openset/adb/banking_0.25_2025"", ""data_dir"": ""./data"", ""save_results_path"": ""results/openset/adb"", ""bert_model"": ""./pretrained_models/bert-base-uncased"", ""max_seq_length"": 512, ""feat_dim"": 768, ""warmup_proportion"": 0.1, ""freeze_bert_parameters"": true, ""save_model"": true, ""save_results"": false, ""dataset"": ""banking"", ""known_cls_ratio"": 0.25, ""labeled_ratio"": 1.0, ""method"": null, ""seed"": 2025, ""gpu_id"": ""1"", ""lr"": 2e-05, ""cluster_num_factor"": 1.0, ""num_train_epochs"": 50.0, ""train_batch_size"": 128, ""eval_batch_size"": 128, ""wait_patient"": 10, ""lr_boundary"": 0.05, ""fold_idx"": 0, ""fold_num"": 5, ""pretrain_dir"": ""./outputs/openset/adb/banking_0.25_2025/models""}",0.0
ADB,clinc,0.25,1.0,1.0,2025.0,87.47,81.4454,81.1899,91.1569,"{""config"": ""configs/openset/adb.yaml"", ""output_dir"": ""./outputs/openset/adb/clinc_0.25_2025"", ""data_dir"": ""./data"", ""save_results_path"": ""results/openset/adb"", ""bert_model"": ""./pretrained_models/bert-base-uncased"", ""max_seq_length"": 512, ""feat_dim"": 768, ""warmup_proportion"": 0.1, ""freeze_bert_parameters"": true, ""save_model"": true, ""save_results"": false, ""dataset"": ""clinc"", ""known_cls_ratio"": 0.25, ""labeled_ratio"": 1.0, ""method"": null, ""seed"": 2025, ""gpu_id"": ""0"", ""lr"": 2e-05, ""cluster_num_factor"": 1.0, ""num_train_epochs"": 50.0, ""train_batch_size"": 128, ""eval_batch_size"": 128, ""wait_patient"": 10, ""lr_boundary"": 0.05, ""fold_idx"": 0, ""fold_num"": 5, ""pretrain_dir"": ""./outputs/openset/adb/clinc_0.25_2025/models""}",0.0
DyEn,stackoverflow,0.25,0.1,1.0,2025.0,0.39175429811383744,0.450360530030349,0.4673066248913532,0.3656300557253281,"{""model_name_or_path"": ""./pretrained_models/bert-base-uncased"", ""loss_type"": ""ce_and_div"", ""diversity_loss_weight"": 0.1, ""scale"": 1.0, ""adv_k"": 0, ""adv_lr"": 0.03, ""adv_init_mag"": 0.05, ""adv_max_norm"": 0.0, ""config"": ""configs/openset/dyen.yaml"", ""scale_ood"": 1.0, ""save_results_path"": ""results/openset/dyen"", ""cluster_num_factor"": 1.0, ""output_dir"": ""./outputs/openset/dyen/stackoverflow_0.25_2025"", ""overwrite_output_dir"": true, ""do_train"": true, ""do_eval"": true, ""do_predict"": true, ""eval_strategy"": ""no"", ""prediction_loss_only"": false, ""per_device_train_batch_size"": 32, ""per_device_eval_batch_size"": 32, ""per_gpu_train_batch_size"": null, ""per_gpu_eval_batch_size"": null, ""gradient_accumulation_steps"": 1, ""eval_accumulation_steps"": null, ""eval_delay"": 0, ""torch_empty_cache_steps"": null, ""learning_rate"": 2e-05, ""weight_decay"": 0.0, ""adam_beta1"": 0.9, ""adam_beta2"": 0.999, ""adam_epsilon"": 1e-08, ""max_grad_norm"": 1.0, ""num_train_epochs"": 50.0, ""max_steps"": -1, ""lr_scheduler_type"": ""linear"", ""lr_scheduler_kwargs"": {}, ""warmup_ratio"": 0.0, ""warmup_steps"": 470.0, ""log_level"": ""passive"", ""log_level_replica"": ""warning"", ""log_on_each_node"": true, ""logging_dir"": ""./outputs/openset/dyen/stackoverflow_0.25_2025/runs/Sep28_11-13-20_wqd10nbg02g3"", ""logging_strategy"": ""steps"", ""logging_first_step"": false, ""logging_steps"": 500, ""logging_nan_inf_filter"": true, ""save_strategy"": ""steps"", ""save_steps"": 500, ""save_total_limit"": null, ""save_safetensors"": true, ""save_on_each_node"": false, ""save_only_model"": false, ""restore_callback_states_from_checkpoint"": false, ""no_cuda"": false, ""use_cpu"": false, ""use_mps_device"": false, ""seed"": 2025, ""data_seed"": null, ""jit_mode_eval"": false, ""use_ipex"": false, ""bf16"": false, ""fp16"": false, ""fp16_opt_level"": ""O1"", ""half_precision_backend"": ""auto"", ""bf16_full_eval"": false, ""fp16_full_eval"": false, ""tf32"": null, ""local_rank"": 0, ""ddp_backend"": null, ""tpu_num_cores"": null, ""tpu_metrics_debug"": false, ""debug"": [], ""dataloader_drop_last"": false, ""eval_steps"": null, ""dataloader_num_workers"": 0, ""dataloader_prefetch_factor"": null, ""past_index"": -1, ""run_name"": null, ""disable_tqdm"": false, ""remove_unused_columns"": false, ""label_names"": null, ""load_best_model_at_end"": false, ""metric_for_best_model"": null, ""greater_is_better"": null, ""ignore_data_skip"": false, ""fsdp"": [], ""fsdp_min_num_params"": 0, ""fsdp_config"": {""min_num_params"": 0, ""xla"": false, ""xla_fsdp_v2"": false, ""xla_fsdp_grad_ckpt"": false}, ""fsdp_transformer_layer_cls_to_wrap"": null, ""accelerator_config"": ""AcceleratorConfig(split_batches=False, dispatch_batches=None, even_batches=True, use_seedable_sampler=True, non_blocking=False, gradient_accumulation_kwargs=None, use_configured_state=False)"", ""parallelism_config"": null, ""deepspeed"": null, ""label_smoothing_factor"": 0.0, ""optim"": ""adamw_torch_fused"", ""optim_args"": null, ""adafactor"": false, ""group_by_length"": false, ""length_column_name"": ""length"", ""report_to"": [""tensorboard"", ""wandb""], ""ddp_find_unused_parameters"": null, ""ddp_bucket_cap_mb"": null, ""ddp_broadcast_buffers"": null, ""dataloader_pin_memory"": true, ""dataloader_persistent_workers"": false, ""skip_memory_metrics"": true, ""use_legacy_prediction_loop"": false, ""push_to_hub"": false, ""resume_from_checkpoint"": null, ""hub_model_id"": null, ""hub_strategy"": ""every_save"", ""hub_token"": null, ""hub_private_repo"": null, ""hub_always_push"": false, ""hub_revision"": null, ""gradient_checkpointing"": false, ""gradient_checkpointing_kwargs"": null, ""include_inputs_for_metrics"": false, ""include_for_metrics"": [], ""eval_do_concat_batches"": true, ""fp16_backend"": ""auto"", ""push_to_hub_model_id"": null, ""push_to_hub_organization"": null, ""push_to_hub_token"": null, ""mp_parameters"": """", ""auto_find_batch_size"": false, ""full_determinism"": false, ""torchdynamo"": null, ""ray_scope"": ""last"", ""ddp_timeout"": 1800, ""torch_compile"": false, ""torch_compile_backend"": null, ""torch_compile_mode"": null, ""include_tokens_per_second"": false, ""include_num_input_tokens_seen"": false, ""neftune_noise_alpha"": null, ""optim_target_modules"": null, ""batch_eval_metrics"": false, ""eval_on_start"": false, ""use_liger_kernel"": false, ""liger_kernel_config"": null, ""eval_use_gather_object"": false, ""average_tokens_across_devices"": false, ""distributed_state"": ""Distributed environment: DistributedType.NO\nNum processes: 1\nProcess index: 0\nLocal process index: 0\nDevice: cuda\n"", ""_n_gpu"": 1, ""__cached__setup_devices"": ""cuda:0"", ""deepspeed_plugin"": null, ""dataset"": ""stackoverflow"", ""known_cls_ratio"": 0.25, ""data_dir"": ""./data"", ""labeled_ratio"": 0.1, ""fold_idx"": 0, ""fold_num"": 5, ""gpu_id"": ""1"", ""max_seq_length"": 128, ""pad_to_max_length"": true, ""overwrite_cache"": true}",0.0
ab,hwu,0.25,0.1,1.0,2025.0,85.9,62.5,60.7,92.4,"{""config"": ""configs/openset/ab.yaml"", ""seed"": 2025, ""gpu_id"": ""1"", ""dataset"": ""hwu"", ""data_dir"": ""./data"", ""known_cls_ratio"": 0.25, ""labeled_ratio"": 0.1, ""cluster_num_factor"": 1.0, ""fold_idx"": 0, ""num_train_epochs"": 50, ""fold_num"": 5, ""emb_name"": ""sbert"", ""alpha"": 0.35, ""output_dir"": ""./outputs/openset/ab/hwu_sbert_0.25_2025"", ""save_results_path"": ""results/openset/ab""}",0.0
ADB,stackoverflow,0.25,1.0,1.0,2025.0,77.35,69.9608,67.1078,84.226,"{""config"": ""configs/openset/adb.yaml"", ""output_dir"": ""./outputs/openset/adb/stackoverflow_0.25_2025"", ""data_dir"": ""./data"", ""save_results_path"": ""results/openset/adb"", ""bert_model"": ""./pretrained_models/bert-base-uncased"", ""max_seq_length"": 512, ""feat_dim"": 768, ""warmup_proportion"": 0.1, ""freeze_bert_parameters"": true, ""save_model"": true, ""save_results"": false, ""dataset"": ""stackoverflow"", ""known_cls_ratio"": 0.25, ""labeled_ratio"": 1.0, ""method"": null, ""seed"": 2025, ""gpu_id"": ""3"", ""lr"": 2e-05, ""cluster_num_factor"": 1.0, ""num_train_epochs"": 50.0, ""train_batch_size"": 128, ""eval_batch_size"": 128, ""wait_patient"": 10, ""lr_boundary"": 0.05, ""fold_idx"": 0, ""fold_num"": 5, ""pretrain_dir"": ""./outputs/openset/adb/stackoverflow_0.25_2025/models""}",0.0
DyEn,hwu,0.25,0.1,1.0,2025.0,0.6085271317829457,0.6266742542116036,0.6242102196313452,0.666098807495741,"{""model_name_or_path"": ""./pretrained_models/bert-base-uncased"", ""loss_type"": ""ce_and_div"", ""diversity_loss_weight"": 0.1, ""scale"": 1.0, ""adv_k"": 0, ""adv_lr"": 0.03, ""adv_init_mag"": 0.05, ""adv_max_norm"": 0.0, ""config"": ""configs/openset/dyen.yaml"", ""scale_ood"": 1.0, ""save_results_path"": ""results/openset/dyen"", ""cluster_num_factor"": 1.0, ""output_dir"": ""./outputs/openset/dyen/hwu_0.25_2025"", ""overwrite_output_dir"": true, ""do_train"": true, ""do_eval"": true, ""do_predict"": true, ""eval_strategy"": ""no"", ""prediction_loss_only"": false, ""per_device_train_batch_size"": 32, ""per_device_eval_batch_size"": 32, ""per_gpu_train_batch_size"": null, ""per_gpu_eval_batch_size"": null, ""gradient_accumulation_steps"": 1, ""eval_accumulation_steps"": null, ""eval_delay"": 0, ""torch_empty_cache_steps"": null, ""learning_rate"": 2e-05, ""weight_decay"": 0.0, ""adam_beta1"": 0.9, ""adam_beta2"": 0.999, ""adam_epsilon"": 1e-08, ""max_grad_norm"": 1.0, ""num_train_epochs"": 50.0, ""max_steps"": -1, ""lr_scheduler_type"": ""linear"", ""lr_scheduler_kwargs"": {}, ""warmup_ratio"": 0.0, ""warmup_steps"": 295.0, ""log_level"": ""passive"", ""log_level_replica"": ""warning"", ""log_on_each_node"": true, ""logging_dir"": ""./outputs/openset/dyen/hwu_0.25_2025/runs/Sep28_11-22-30_wqd10nbg02g3"", ""logging_strategy"": ""steps"", ""logging_first_step"": false, ""logging_steps"": 500, ""logging_nan_inf_filter"": true, ""save_strategy"": ""steps"", ""save_steps"": 500, ""save_total_limit"": null, ""save_safetensors"": true, ""save_on_each_node"": false, ""save_only_model"": false, ""restore_callback_states_from_checkpoint"": false, ""no_cuda"": false, ""use_cpu"": false, ""use_mps_device"": false, ""seed"": 2025, ""data_seed"": null, ""jit_mode_eval"": false, ""use_ipex"": false, ""bf16"": false, ""fp16"": false, ""fp16_opt_level"": ""O1"", ""half_precision_backend"": ""auto"", ""bf16_full_eval"": false, ""fp16_full_eval"": false, ""tf32"": null, ""local_rank"": 0, ""ddp_backend"": null, ""tpu_num_cores"": null, ""tpu_metrics_debug"": false, ""debug"": [], ""dataloader_drop_last"": false, ""eval_steps"": null, ""dataloader_num_workers"": 0, ""dataloader_prefetch_factor"": null, ""past_index"": -1, ""run_name"": null, ""disable_tqdm"": false, ""remove_unused_columns"": false, ""label_names"": null, ""load_best_model_at_end"": false, ""metric_for_best_model"": null, ""greater_is_better"": null, ""ignore_data_skip"": false, ""fsdp"": [], ""fsdp_min_num_params"": 0, ""fsdp_config"": {""min_num_params"": 0, ""xla"": false, ""xla_fsdp_v2"": false, ""xla_fsdp_grad_ckpt"": false}, ""fsdp_transformer_layer_cls_to_wrap"": null, ""accelerator_config"": ""AcceleratorConfig(split_batches=False, dispatch_batches=None, even_batches=True, use_seedable_sampler=True, non_blocking=False, gradient_accumulation_kwargs=None, use_configured_state=False)"", ""parallelism_config"": null, ""deepspeed"": null, ""label_smoothing_factor"": 0.0, ""optim"": ""adamw_torch_fused"", ""optim_args"": null, ""adafactor"": false, ""group_by_length"": false, ""length_column_name"": ""length"", ""report_to"": [""tensorboard"", ""wandb""], ""ddp_find_unused_parameters"": null, ""ddp_bucket_cap_mb"": null, ""ddp_broadcast_buffers"": null, ""dataloader_pin_memory"": true, ""dataloader_persistent_workers"": false, ""skip_memory_metrics"": true, ""use_legacy_prediction_loop"": false, ""push_to_hub"": false, ""resume_from_checkpoint"": null, ""hub_model_id"": null, ""hub_strategy"": ""every_save"", ""hub_token"": null, ""hub_private_repo"": null, ""hub_always_push"": false, ""hub_revision"": null, ""gradient_checkpointing"": false, ""gradient_checkpointing_kwargs"": null, ""include_inputs_for_metrics"": false, ""include_for_metrics"": [], ""eval_do_concat_batches"": true, ""fp16_backend"": ""auto"", ""push_to_hub_model_id"": null, ""push_to_hub_organization"": null, ""push_to_hub_token"": null, ""mp_parameters"": """", ""auto_find_batch_size"": false, ""full_determinism"": false, ""torchdynamo"": null, ""ray_scope"": ""last"", ""ddp_timeout"": 1800, ""torch_compile"": false, ""torch_compile_backend"": null, ""torch_compile_mode"": null, ""include_tokens_per_second"": false, ""include_num_input_tokens_seen"": false, ""neftune_noise_alpha"": null, ""optim_target_modules"": null, ""batch_eval_metrics"": false, ""eval_on_start"": false, ""use_liger_kernel"": false, ""liger_kernel_config"": null, ""eval_use_gather_object"": false, ""average_tokens_across_devices"": false, ""distributed_state"": ""Distributed environment: DistributedType.NO\nNum processes: 1\nProcess index: 0\nLocal process index: 0\nDevice: cuda\n"", ""_n_gpu"": 1, ""__cached__setup_devices"": ""cuda:0"", ""deepspeed_plugin"": null, ""dataset"": ""hwu"", ""known_cls_ratio"": 0.25, ""data_dir"": ""./data"", ""labeled_ratio"": 0.1, ""fold_idx"": 0, ""fold_num"": 5, ""gpu_id"": ""3"", ""max_seq_length"": 128, ""pad_to_max_length"": true, ""overwrite_cache"": true}",0.0
KnnCon,clinc,0.25,0.1,1.0,2025.0,70.4,68.39,68.21,75.53,"{""output_dir"": ""./outputs/openset/knncon"", ""overwrite_output_dir"": true, ""do_train"": true, ""do_eval"": true, ""do_predict"": true, ""model_parallel"": false, ""evaluation_strategy"": ""epoch"", ""prediction_loss_only"": false, ""per_device_train_batch_size"": 16, ""per_device_eval_batch_size"": 16, ""per_gpu_train_batch_size"": null, ""per_gpu_eval_batch_size"": null, ""gradient_accumulation_steps"": 1, ""eval_accumulation_steps"": null, ""learning_rate"": 5e-05, ""weight_decay"": 0.0001, ""adam_beta1"": 0.9, ""adam_beta2"": 0.98, ""adam_epsilon"": 1e-08, ""max_grad_norm"": 1.0, ""num_train_epochs"": 50, ""max_steps"": -1, ""warmup_steps"": 1425.0, ""logging_dir"": ""runs/Sep28_11-06-53_wqd10nbg02g3"", ""logging_first_step"": false, ""logging_steps"": 500, ""save_steps"": 500, ""save_total_limit"": null, ""no_cuda"": false, ""seed"": 2025, ""fp16"": false, ""fp16_opt_level"": ""O1"", ""local_rank"": -1, ""tpu_num_cores"": null, ""tpu_metrics_debug"": false, ""debug"": false, ""dataloader_drop_last"": false, ""eval_steps"": 500, ""dataloader_num_workers"": 0, ""past_index"": -1, ""run_name"": ""./outputs/openset/knncon"", ""disable_tqdm"": false, ""remove_unused_columns"": true, ""label_names"": null, ""load_best_model_at_end"": true, ""metric_for_best_model"": ""f1"", ""greater_is_better"": true, ""ignore_skip"": false, ""fp16_backend"": ""auto"", ""sharded_ddp"": false, ""data_dir"": ""./data"", ""dataset"": ""clinc"", ""known_cls_ratio"": 0.25, ""labeled_ratio"": 0.1, ""fold_idx"": 0, ""fold_num"": 5, ""gpu_id"": 2, ""fitlog_dir"": ""./logs"", ""multi_head_num"": 32, ""sample_file"": """", ""max_length"": 0, ""sim_embed"": ""/remote-home/dmsong/train_data/adv_learn/counter-fitted-vectors.txt"", ""cosine_npy"": ""/remote-home/dmsong/train_data/adv_learn/cos_sim_counter_fitting.npy"", ""train_multi_head"": false, ""model_path"": ""bert-base-uncased"", ""load_trained_model"": false, ""load_model_pattern"": ""knn_bert"", ""num_labels"": 39, ""lmcl"": false, ""cl_model"": """", ""rnn_number_layers"": 1, ""sup_cont"": false, ""supcont_pre_epoches"": 2, ""ind_pre_epoches"": 20, ""norm_coef"": 0.1, ""setting"": ""lof"", ""cl_mode"": 1, ""hidden_dim"": 128, ""clip"": 0.25, ""mode"": ""both"", ""temperature"": 0.3, ""auto_th"": 25, ""negative_num"": 96, ""positive_num"": 3, ""queue_size"": 32000, ""top_k"": 20, ""end_k"": 1, ""m"": 0.999, ""contrastive_rate_in_training"": 0.1, ""contrastive_rate_in_inference"": 0.1, ""early_stopping_patience"": 3, ""early_stopping_threshold"": 0.0, ""_setup_devices"": ""(device(type='cuda', index=0), 1)""}",0.0
ab,mcid,0.25,0.1,1.0,2025.0,72.5,49.5,41.3,82.3,"{""config"": ""configs/openset/ab.yaml"", ""seed"": 2025, ""gpu_id"": ""2"", ""dataset"": ""mcid"", ""data_dir"": ""./data"", ""known_cls_ratio"": 0.25, ""labeled_ratio"": 0.1, ""cluster_num_factor"": 1.0, ""fold_idx"": 0, ""num_train_epochs"": 50, ""fold_num"": 5, ""emb_name"": ""sbert"", ""alpha"": 0.35, ""output_dir"": ""./outputs/openset/ab/mcid_sbert_0.25_2025"", ""save_results_path"": ""results/openset/ab""}",0.0
KnnCon,stackoverflow,0.25,0.1,1.0,2025.0,40.78,52.21,54.78,39.37,"{""output_dir"": ""./outputs/openset/knncon"", ""overwrite_output_dir"": true, ""do_train"": true, ""do_eval"": true, ""do_predict"": true, ""model_parallel"": false, ""evaluation_strategy"": ""epoch"", ""prediction_loss_only"": false, ""per_device_train_batch_size"": 16, ""per_device_eval_batch_size"": 16, ""per_gpu_train_batch_size"": null, ""per_gpu_eval_batch_size"": null, ""gradient_accumulation_steps"": 1, ""eval_accumulation_steps"": null, ""learning_rate"": 5e-05, ""weight_decay"": 0.0001, ""adam_beta1"": 0.9, ""adam_beta2"": 0.98, ""adam_epsilon"": 1e-08, ""max_grad_norm"": 1.0, ""num_train_epochs"": 50, ""max_steps"": -1, ""warmup_steps"": 940.0, ""logging_dir"": ""runs/Sep28_11-14-00_wqd10nbg02g3"", ""logging_first_step"": false, ""logging_steps"": 500, ""save_steps"": 500, ""save_total_limit"": null, ""no_cuda"": false, ""seed"": 2025, ""fp16"": false, ""fp16_opt_level"": ""O1"", ""local_rank"": -1, ""tpu_num_cores"": null, ""tpu_metrics_debug"": false, ""debug"": false, ""dataloader_drop_last"": false, ""eval_steps"": 500, ""dataloader_num_workers"": 0, ""past_index"": -1, ""run_name"": ""./outputs/openset/knncon"", ""disable_tqdm"": false, ""remove_unused_columns"": true, ""label_names"": null, ""load_best_model_at_end"": true, ""metric_for_best_model"": ""f1"", ""greater_is_better"": true, ""ignore_skip"": false, ""fp16_backend"": ""auto"", ""sharded_ddp"": false, ""data_dir"": ""./data"", ""dataset"": ""stackoverflow"", ""known_cls_ratio"": 0.25, ""labeled_ratio"": 0.1, ""fold_idx"": 0, ""fold_num"": 5, ""gpu_id"": 0, ""fitlog_dir"": ""./logs"", ""multi_head_num"": 32, ""sample_file"": """", ""max_length"": 0, ""sim_embed"": ""/remote-home/dmsong/train_data/adv_learn/counter-fitted-vectors.txt"", ""cosine_npy"": ""/remote-home/dmsong/train_data/adv_learn/cos_sim_counter_fitting.npy"", ""train_multi_head"": false, ""model_path"": ""bert-base-uncased"", ""load_trained_model"": false, ""load_model_pattern"": ""knn_bert"", ""num_labels"": 6, ""lmcl"": false, ""cl_model"": """", ""rnn_number_layers"": 1, ""sup_cont"": false, ""supcont_pre_epoches"": 2, ""ind_pre_epoches"": 20, ""norm_coef"": 0.1, ""setting"": ""lof"", ""cl_mode"": 1, ""hidden_dim"": 128, ""clip"": 0.25, ""mode"": ""both"", ""temperature"": 0.3, ""auto_th"": 25, ""negative_num"": 96, ""positive_num"": 3, ""queue_size"": 32000, ""top_k"": 20, ""end_k"": 1, ""m"": 0.999, ""contrastive_rate_in_training"": 0.1, ""contrastive_rate_in_inference"": 0.1, ""early_stopping_patience"": 3, ""early_stopping_threshold"": 0.0, ""_setup_devices"": ""(device(type='cuda', index=0), 1)""}",0.0
DyEn,mcid,0.25,0.1,1.0,2025.0,0.7099697885196374,0.7265412581971097,0.7167131581122407,0.7658536585365854,"{""model_name_or_path"": ""./pretrained_models/bert-base-uncased"", ""loss_type"": ""ce_and_div"", ""diversity_loss_weight"": 0.1, ""scale"": 1.0, ""adv_k"": 0, ""adv_lr"": 0.03, ""adv_init_mag"": 0.05, ""adv_max_norm"": 0.0, ""config"": ""configs/openset/dyen.yaml"", ""scale_ood"": 1.0, ""save_results_path"": ""results/openset/dyen"", ""cluster_num_factor"": 1.0, ""output_dir"": ""./outputs/openset/dyen/mcid_0.25_2025"", ""overwrite_output_dir"": true, ""do_train"": true, ""do_eval"": true, ""do_predict"": true, ""eval_strategy"": ""no"", ""prediction_loss_only"": false, ""per_device_train_batch_size"": 32, ""per_device_eval_batch_size"": 32, ""per_gpu_train_batch_size"": null, ""per_gpu_eval_batch_size"": null, ""gradient_accumulation_steps"": 1, ""eval_accumulation_steps"": null, ""eval_delay"": 0, ""torch_empty_cache_steps"": null, ""learning_rate"": 2e-05, ""weight_decay"": 0.0, ""adam_beta1"": 0.9, ""adam_beta2"": 0.999, ""adam_epsilon"": 1e-08, ""max_grad_norm"": 1.0, ""num_train_epochs"": 50.0, ""max_steps"": -1, ""lr_scheduler_type"": ""linear"", ""lr_scheduler_kwargs"": {}, ""warmup_ratio"": 0.0, ""warmup_steps"": 50.0, ""log_level"": ""passive"", ""log_level_replica"": ""warning"", ""log_on_each_node"": true, ""logging_dir"": ""./outputs/openset/dyen/mcid_0.25_2025/runs/Sep28_11-26-01_wqd10nbg02g3"", ""logging_strategy"": ""steps"", ""logging_first_step"": false, ""logging_steps"": 500, ""logging_nan_inf_filter"": true, ""save_strategy"": ""steps"", ""save_steps"": 500, ""save_total_limit"": null, ""save_safetensors"": true, ""save_on_each_node"": false, ""save_only_model"": false, ""restore_callback_states_from_checkpoint"": false, ""no_cuda"": false, ""use_cpu"": false, ""use_mps_device"": false, ""seed"": 2025, ""data_seed"": null, ""jit_mode_eval"": false, ""use_ipex"": false, ""bf16"": false, ""fp16"": false, ""fp16_opt_level"": ""O1"", ""half_precision_backend"": ""auto"", ""bf16_full_eval"": false, ""fp16_full_eval"": false, ""tf32"": null, ""local_rank"": 0, ""ddp_backend"": null, ""tpu_num_cores"": null, ""tpu_metrics_debug"": false, ""debug"": [], ""dataloader_drop_last"": false, ""eval_steps"": null, ""dataloader_num_workers"": 0, ""dataloader_prefetch_factor"": null, ""past_index"": -1, ""run_name"": null, ""disable_tqdm"": false, ""remove_unused_columns"": false, ""label_names"": null, ""load_best_model_at_end"": false, ""metric_for_best_model"": null, ""greater_is_better"": null, ""ignore_data_skip"": false, ""fsdp"": [], ""fsdp_min_num_params"": 0, ""fsdp_config"": {""min_num_params"": 0, ""xla"": false, ""xla_fsdp_v2"": false, ""xla_fsdp_grad_ckpt"": false}, ""fsdp_transformer_layer_cls_to_wrap"": null, ""accelerator_config"": ""AcceleratorConfig(split_batches=False, dispatch_batches=None, even_batches=True, use_seedable_sampler=True, non_blocking=False, gradient_accumulation_kwargs=None, use_configured_state=False)"", ""parallelism_config"": null, ""deepspeed"": null, ""label_smoothing_factor"": 0.0, ""optim"": ""adamw_torch_fused"", ""optim_args"": null, ""adafactor"": false, ""group_by_length"": false, ""length_column_name"": ""length"", ""report_to"": [""tensorboard"", ""wandb""], ""ddp_find_unused_parameters"": null, ""ddp_bucket_cap_mb"": null, ""ddp_broadcast_buffers"": null, ""dataloader_pin_memory"": true, ""dataloader_persistent_workers"": false, ""skip_memory_metrics"": true, ""use_legacy_prediction_loop"": false, ""push_to_hub"": false, ""resume_from_checkpoint"": null, ""hub_model_id"": null, ""hub_strategy"": ""every_save"", ""hub_token"": null, ""hub_private_repo"": null, ""hub_always_push"": false, ""hub_revision"": null, ""gradient_checkpointing"": false, ""gradient_checkpointing_kwargs"": null, ""include_inputs_for_metrics"": false, ""include_for_metrics"": [], ""eval_do_concat_batches"": true, ""fp16_backend"": ""auto"", ""push_to_hub_model_id"": null, ""push_to_hub_organization"": null, ""push_to_hub_token"": null, ""mp_parameters"": """", ""auto_find_batch_size"": false, ""full_determinism"": false, ""torchdynamo"": null, ""ray_scope"": ""last"", ""ddp_timeout"": 1800, ""torch_compile"": false, ""torch_compile_backend"": null, ""torch_compile_mode"": null, ""include_tokens_per_second"": false, ""include_num_input_tokens_seen"": false, ""neftune_noise_alpha"": null, ""optim_target_modules"": null, ""batch_eval_metrics"": false, ""eval_on_start"": false, ""use_liger_kernel"": false, ""liger_kernel_config"": null, ""eval_use_gather_object"": false, ""average_tokens_across_devices"": false, ""distributed_state"": ""Distributed environment: DistributedType.NO\nNum processes: 1\nProcess index: 0\nLocal process index: 0\nDevice: cuda\n"", ""_n_gpu"": 1, ""__cached__setup_devices"": ""cuda:0"", ""deepspeed_plugin"": null, ""dataset"": ""mcid"", ""known_cls_ratio"": 0.25, ""data_dir"": ""./data"", ""labeled_ratio"": 0.1, ""fold_idx"": 0, ""fold_num"": 5, ""gpu_id"": ""0"", ""max_seq_length"": 128, ""pad_to_max_length"": true, ""overwrite_cache"": true}",0.0
ADB,mcid,0.25,1.0,1.0,2025.0,66.47,68.115,67.0296,72.4566,"{""config"": ""configs/openset/adb.yaml"", ""output_dir"": ""./outputs/openset/adb/mcid_0.25_2025"", ""data_dir"": ""./data"", ""save_results_path"": ""results/openset/adb"", ""bert_model"": ""./pretrained_models/bert-base-uncased"", ""max_seq_length"": 512, ""feat_dim"": 768, ""warmup_proportion"": 0.1, ""freeze_bert_parameters"": true, ""save_model"": true, ""save_results"": false, ""dataset"": ""mcid"", ""known_cls_ratio"": 0.25, ""labeled_ratio"": 1.0, ""method"": null, ""seed"": 2025, ""gpu_id"": ""2"", ""lr"": 2e-05, ""cluster_num_factor"": 1.0, ""num_train_epochs"": 50.0, ""train_batch_size"": 128, ""eval_batch_size"": 128, ""wait_patient"": 10, ""lr_boundary"": 0.05, ""fold_idx"": 0, ""fold_num"": 5, ""pretrain_dir"": ""./outputs/openset/adb/mcid_0.25_2025/models""}",0.0
ab,20NG,0.25,0.1,1.0,2025.0,78.7,60.3,55.0,86.9,"{""config"": ""configs/openset/ab.yaml"", ""seed"": 2025, ""gpu_id"": ""2"", ""dataset"": ""20NG"", ""data_dir"": ""./data"", ""known_cls_ratio"": 0.25, ""labeled_ratio"": 0.1, ""cluster_num_factor"": 1.0, ""fold_idx"": 0, ""num_train_epochs"": 50, ""fold_num"": 5, ""emb_name"": ""sbert"", ""alpha"": 0.35, ""output_dir"": ""./outputs/openset/ab/20NG_sbert_0.25_2025"", ""save_results_path"": ""results/openset/ab""}",0.0
KnnCon,mcid,0.25,0.1,1.0,2025.0,25.98,41.23,50.55,3.92,"{""output_dir"": ""./outputs/openset/knncon"", ""overwrite_output_dir"": true, ""do_train"": true, ""do_eval"": true, ""do_predict"": true, ""model_parallel"": false, ""evaluation_strategy"": ""epoch"", ""prediction_loss_only"": false, ""per_device_train_batch_size"": 16, ""per_device_eval_batch_size"": 16, ""per_gpu_train_batch_size"": null, ""per_gpu_eval_batch_size"": null, ""gradient_accumulation_steps"": 1, ""eval_accumulation_steps"": null, ""learning_rate"": 5e-05, ""weight_decay"": 0.0001, ""adam_beta1"": 0.9, ""adam_beta2"": 0.98, ""adam_epsilon"": 1e-08, ""max_grad_norm"": 1.0, ""num_train_epochs"": 50, ""max_steps"": -1, ""warmup_steps"": 95.0, ""logging_dir"": ""runs/Sep28_11-26-38_wqd10nbg02g3"", ""logging_first_step"": false, ""logging_steps"": 500, ""save_steps"": 500, ""save_total_limit"": null, ""no_cuda"": false, ""seed"": 2025, ""fp16"": false, ""fp16_opt_level"": ""O1"", ""local_rank"": -1, ""tpu_num_cores"": null, ""tpu_metrics_debug"": false, ""debug"": false, ""dataloader_drop_last"": false, ""eval_steps"": 500, ""dataloader_num_workers"": 0, ""past_index"": -1, ""run_name"": ""./outputs/openset/knncon"", ""disable_tqdm"": false, ""remove_unused_columns"": true, ""label_names"": null, ""load_best_model_at_end"": true, ""metric_for_best_model"": ""f1"", ""greater_is_better"": true, ""ignore_skip"": false, ""fp16_backend"": ""auto"", ""sharded_ddp"": false, ""data_dir"": ""./data"", ""dataset"": ""mcid"", ""known_cls_ratio"": 0.25, ""labeled_ratio"": 0.1, ""fold_idx"": 0, ""fold_num"": 5, ""gpu_id"": 0, ""fitlog_dir"": ""./logs"", ""multi_head_num"": 32, ""sample_file"": """", ""max_length"": 0, ""sim_embed"": ""/remote-home/dmsong/train_data/adv_learn/counter-fitted-vectors.txt"", ""cosine_npy"": ""/remote-home/dmsong/train_data/adv_learn/cos_sim_counter_fitting.npy"", ""train_multi_head"": false, ""model_path"": ""bert-base-uncased"", ""load_trained_model"": false, ""load_model_pattern"": ""knn_bert"", ""num_labels"": 5, ""lmcl"": false, ""cl_model"": """", ""rnn_number_layers"": 1, ""sup_cont"": false, ""supcont_pre_epoches"": 2, ""ind_pre_epoches"": 20, ""norm_coef"": 0.1, ""setting"": ""lof"", ""cl_mode"": 1, ""hidden_dim"": 128, ""clip"": 0.25, ""mode"": ""both"", ""temperature"": 0.3, ""auto_th"": 25, ""negative_num"": 96, ""positive_num"": 3, ""queue_size"": 32000, ""top_k"": 20, ""end_k"": 1, ""m"": 0.999, ""contrastive_rate_in_training"": 0.1, ""contrastive_rate_in_inference"": 0.1, ""early_stopping_patience"": 3, ""early_stopping_threshold"": 0.0, ""_setup_devices"": ""(device(type='cuda', index=0), 1)""}",0.0
DyEn,20NG,0.25,0.1,1.0,2025.0,0.9885,0.9796982899796931,0.9771810543157858,0.9922844682992285,"{""model_name_or_path"": ""./pretrained_models/bert-base-uncased"", ""loss_type"": ""ce_and_div"", ""diversity_loss_weight"": 0.1, ""scale"": 1.0, ""adv_k"": 0, ""adv_lr"": 0.03, ""adv_init_mag"": 0.05, ""adv_max_norm"": 0.0, ""config"": ""configs/openset/dyen.yaml"", ""scale_ood"": 1.0, ""save_results_path"": ""results/openset/dyen"", ""cluster_num_factor"": 1.0, ""output_dir"": ""./outputs/openset/dyen/20NG_0.25_2025"", ""overwrite_output_dir"": true, ""do_train"": true, ""do_eval"": true, ""do_predict"": true, ""eval_strategy"": ""no"", ""prediction_loss_only"": false, ""per_device_train_batch_size"": 32, ""per_device_eval_batch_size"": 32, ""per_gpu_train_batch_size"": null, ""per_gpu_eval_batch_size"": null, ""gradient_accumulation_steps"": 1, ""eval_accumulation_steps"": null, ""eval_delay"": 0, ""torch_empty_cache_steps"": null, ""learning_rate"": 2e-05, ""weight_decay"": 0.0, ""adam_beta1"": 0.9, ""adam_beta2"": 0.999, ""adam_epsilon"": 1e-08, ""max_grad_norm"": 1.0, ""num_train_epochs"": 50.0, ""max_steps"": -1, ""lr_scheduler_type"": ""linear"", ""lr_scheduler_kwargs"": {}, ""warmup_ratio"": 0.0, ""warmup_steps"": 290.0, ""log_level"": ""passive"", ""log_level_replica"": ""warning"", ""log_on_each_node"": true, ""logging_dir"": ""./outputs/openset/dyen/20NG_0.25_2025/runs/Sep28_11-28-00_wqd10nbg02g3"", ""logging_strategy"": ""steps"", ""logging_first_step"": false, ""logging_steps"": 500, ""logging_nan_inf_filter"": true, ""save_strategy"": ""steps"", ""save_steps"": 500, ""save_total_limit"": null, ""save_safetensors"": true, ""save_on_each_node"": false, ""save_only_model"": false, ""restore_callback_states_from_checkpoint"": false, ""no_cuda"": false, ""use_cpu"": false, ""use_mps_device"": false, ""seed"": 2025, ""data_seed"": null, ""jit_mode_eval"": false, ""use_ipex"": false, ""bf16"": false, ""fp16"": false, ""fp16_opt_level"": ""O1"", ""half_precision_backend"": ""auto"", ""bf16_full_eval"": false, ""fp16_full_eval"": false, ""tf32"": null, ""local_rank"": 0, ""ddp_backend"": null, ""tpu_num_cores"": null, ""tpu_metrics_debug"": false, ""debug"": [], ""dataloader_drop_last"": false, ""eval_steps"": null, ""dataloader_num_workers"": 0, ""dataloader_prefetch_factor"": null, ""past_index"": -1, ""run_name"": null, ""disable_tqdm"": false, ""remove_unused_columns"": false, ""label_names"": null, ""load_best_model_at_end"": false, ""metric_for_best_model"": null, ""greater_is_better"": null, ""ignore_data_skip"": false, ""fsdp"": [], ""fsdp_min_num_params"": 0, ""fsdp_config"": {""min_num_params"": 0, ""xla"": false, ""xla_fsdp_v2"": false, ""xla_fsdp_grad_ckpt"": false}, ""fsdp_transformer_layer_cls_to_wrap"": null, ""accelerator_config"": ""AcceleratorConfig(split_batches=False, dispatch_batches=None, even_batches=True, use_seedable_sampler=True, non_blocking=False, gradient_accumulation_kwargs=None, use_configured_state=False)"", ""parallelism_config"": null, ""deepspeed"": null, ""label_smoothing_factor"": 0.0, ""optim"": ""adamw_torch_fused"", ""optim_args"": null, ""adafactor"": false, ""group_by_length"": false, ""length_column_name"": ""length"", ""report_to"": [""tensorboard"", ""wandb""], ""ddp_find_unused_parameters"": null, ""ddp_bucket_cap_mb"": null, ""ddp_broadcast_buffers"": null, ""dataloader_pin_memory"": true, ""dataloader_persistent_workers"": false, ""skip_memory_metrics"": true, ""use_legacy_prediction_loop"": false, ""push_to_hub"": false, ""resume_from_checkpoint"": null, ""hub_model_id"": null, ""hub_strategy"": ""every_save"", ""hub_token"": null, ""hub_private_repo"": null, ""hub_always_push"": false, ""hub_revision"": null, ""gradient_checkpointing"": false, ""gradient_checkpointing_kwargs"": null, ""include_inputs_for_metrics"": false, ""include_for_metrics"": [], ""eval_do_concat_batches"": true, ""fp16_backend"": ""auto"", ""push_to_hub_model_id"": null, ""push_to_hub_organization"": null, ""push_to_hub_token"": null, ""mp_parameters"": """", ""auto_find_batch_size"": false, ""full_determinism"": false, ""torchdynamo"": null, ""ray_scope"": ""last"", ""ddp_timeout"": 1800, ""torch_compile"": false, ""torch_compile_backend"": null, ""torch_compile_mode"": null, ""include_tokens_per_second"": false, ""include_num_input_tokens_seen"": false, ""neftune_noise_alpha"": null, ""optim_target_modules"": null, ""batch_eval_metrics"": false, ""eval_on_start"": false, ""use_liger_kernel"": false, ""liger_kernel_config"": null, ""eval_use_gather_object"": false, ""average_tokens_across_devices"": false, ""distributed_state"": ""Distributed environment: DistributedType.NO\nNum processes: 1\nProcess index: 0\nLocal process index: 0\nDevice: cuda\n"", ""_n_gpu"": 1, ""__cached__setup_devices"": ""cuda:0"", ""deepspeed_plugin"": null, ""dataset"": ""20NG"", ""known_cls_ratio"": 0.25, ""data_dir"": ""./data"", ""labeled_ratio"": 0.1, ""fold_idx"": 0, ""fold_num"": 5, ""gpu_id"": ""0"", ""max_seq_length"": 128, ""pad_to_max_length"": true, ""overwrite_cache"": true}",0.0
ADB,hwu,0.25,1.0,1.0,2025.0,80.14,72.5513,71.7248,85.7749,"{""config"": ""configs/openset/adb.yaml"", ""output_dir"": ""./outputs/openset/adb/hwu_0.25_2025"", ""data_dir"": ""./data"", ""save_results_path"": ""results/openset/adb"", ""bert_model"": ""./pretrained_models/bert-base-uncased"", ""max_seq_length"": 512, ""feat_dim"": 768, ""warmup_proportion"": 0.1, ""freeze_bert_parameters"": true, ""save_model"": true, ""save_results"": false, ""dataset"": ""hwu"", ""known_cls_ratio"": 0.25, ""labeled_ratio"": 1.0, ""method"": null, ""seed"": 2025, ""gpu_id"": ""1"", ""lr"": 2e-05, ""cluster_num_factor"": 1.0, ""num_train_epochs"": 50.0, ""train_batch_size"": 128, ""eval_batch_size"": 128, ""wait_patient"": 10, ""lr_boundary"": 0.05, ""fold_idx"": 0, ""fold_num"": 5, ""pretrain_dir"": ""./outputs/openset/adb/hwu_0.25_2025/models""}",0.0
ab,banking,0.25,0.1,1.0,2025.0,76.4,58.4,57.0,84.8,"{""config"": ""configs/openset/ab.yaml"", ""seed"": 2025, ""gpu_id"": ""0"", ""dataset"": ""banking"", ""data_dir"": ""./data"", ""known_cls_ratio"": 0.25, ""labeled_ratio"": 0.1, ""cluster_num_factor"": 1.0, ""fold_idx"": 0, ""num_train_epochs"": 50, ""fold_num"": 5, ""emb_name"": ""sbert"", ""alpha"": 0.35, ""output_dir"": ""./outputs/openset/ab/banking_sbert_0.25_2025"", ""save_results_path"": ""results/openset/ab""}",0.0
